<?xml version="1.0" encoding="UTF-8" standalone="yes"?>
<SavableLevel xmlns:xsi="http://www.w3.org/2001/XMLSchema-instance">
	<sLevelName>5</sLevelName>
	<iLevelType>1</iLevelType>
	<vChar1StartPos>
		<x>2</x>
		<y>1</y>
	</vChar1StartPos>
	<vChar2StartPos>
		<x>1</x>
		<y>2</y>
	</vChar2StartPos>
	<vDim>
		<x>13</x>
		<y>13</y>
	</vDim>
	<sStars>
		<StarInXML>
			<vPosition>
				<x>4</x>
				<y>10</y>
			</vPosition>
		</StarInXML>
		<StarInXML>
			<vPosition>
				<x>4</x>
				<y>11</y>
			</vPosition>
		</StarInXML>
	</sStars>
	<dDoors>
		<DoorInXML>
			<vPosition/>
		</DoorInXML>
		<DoorInXML>
			<vPosition/>
		</DoorInXML>
	</dDoors>
	<StepTriggers>
		<StepTriggerInXML>
			<vPosition/>
		</StepTriggerInXML>
		<StepTriggerInXML>
			<vPosition/>
		</StepTriggerInXML>
	</StepTriggers>
	<StayTriggers>
		<StayTriggerInXML>
			<vPosition>
				<x>7</x>
				<y>5</y>
			</vPosition>
			<iID>1</iID>
		</StayTriggerInXML>
		<StayTriggerInXML>
			<vPosition/>
		</StayTriggerInXML>
	</StayTriggers>
	<sShooters>
		<ShooterInXML>
			<vPosition/>
		</ShooterInXML>
		<ShooterInXML>
			<vPosition/>
		</ShooterInXML>
	</sShooters>
	<cCheckPoints>
		<CheckPointInXML>
			<vCheckPoint1Position/>
			<vCheckPoint2Position/>
		</CheckPointInXML>
		<CheckPointInXML>
			<vCheckPoint1Position/>
			<vCheckPoint2Position/>
		</CheckPointInXML>
	</cCheckPoints>
	<pPushers>
		<PusherInXML>
			<vPosition>
				<x>2</x>
				<y>5</y>
			</vPosition>
			<isControlled>1</isControlled>
			<sDirection>East</sDirection>
			<range>2</range>
			<ID>1</ID>
			<timeInterval>0.8</timeInterval>
		</PusherInXML>
		<PusherInXML>
			<vPosition/>
		</PusherInXML>
	</pPushers>
	<tMap>
		<Tile>
			<vTilePosition>
				<x>0</x>
				<y>0</y>
			</vTilePosition>
			<iTileType>0</iTileType>
		</Tile>
		<Tile>
			<vTilePosition>
				<x>0</x>
				<y>1</y>
			</vTilePosition>
			<iTileType>0</iTileType>
		</Tile>
		<Tile>
			<vTilePosition>
				<x>0</x>
				<y>2</y>
			</vTilePosition>
			<iTileType>0</iTileType>
		</Tile>
		<Tile>
			<vTilePosition>
				<x>0</x>
				<y>3</y>
			</vTilePosition>
			<iTileType>0</iTileType>
		</Tile>
		<Tile>
			<vTilePosition>
				<x>0</x>
				<y>4</y>
			</vTilePosition>
			<iTileType>0</iTileType>
		</Tile>
		<Tile>
			<vTilePosition>
				<x>0</x>
				<y>5</y>
			</vTilePosition>
			<iTileType>0</iTileType>
		</Tile>
		<Tile>
			<vTilePosition>
				<x>0</x>
				<y>6</y>
			</vTilePosition>
			<iTileType>0</iTileType>
		</Tile>
		<Tile>
			<vTilePosition>
				<x>0</x>
				<y>7</y>
			</vTilePosition>
			<iTileType>0</iTileType>
		</Tile>
		<Tile>
			<vTilePosition>
				<x>0</x>
				<y>8</y>
			</vTilePosition>
			<iTileType>0</iTileType>
		</Tile>
		<Tile>
			<vTilePosition>
				<x>0</x>
				<y>9</y>
			</vTilePosition>
			<iTileType>2</iTileType>
		</Tile>
		<Tile>
			<vTilePosition>
				<x>0</x>
				<y>10</y>
			</vTilePosition>
			<iTileType>2</iTileType>
		</Tile>
		<Tile>
			<vTilePosition>
				<x>0</x>
				<y>11</y>
			</vTilePosition>
			<iTileType>2</iTileType>
		</Tile>
		<Tile>
			<vTilePosition>
				<x>0</x>
				<y>12</y>
			</vTilePosition>
			<iTileType>0</iTileType>
		</Tile>
		<Tile>
			<vTilePosition>
				<x>1</x>
				<y>0</y>
			</vTilePosition>
			<iTileType>0</iTileType>
		</Tile>
		<Tile>
			<vTilePosition>
				<x>1</x>
				<y>1</y>
			</vTilePosition>
			<iTileType>0</iTileType>
		</Tile>
		<Tile>
			<vTilePosition>
				<x>1</x>
				<y>2</y>
			</vTilePosition>
			<iTileType>0</iTileType>
		</Tile>
		<Tile>
			<vTilePosition>
				<x>1</x>
				<y>3</y>
			</vTilePosition>
			<iTileType>0</iTileType>
		</Tile>
		<Tile>
			<vTilePosition>
				<x>1</x>
				<y>4</y>
			</vTilePosition>
			<iTileType>0</iTileType>
		</Tile>
		<Tile>
			<vTilePosition>
				<x>1</x>
				<y>5</y>
			</vTilePosition>
			<iTileType>0</iTileType>
		</Tile>
		<Tile>
			<vTilePosition>
				<x>1</x>
				<y>6</y>
			</vTilePosition>
			<iTileType>2</iTileType>
		</Tile>
		<Tile>
			<vTilePosition>
				<x>1</x>
				<y>7</y>
			</vTilePosition>
			<iTileType>2</iTileType>
		</Tile>
		<Tile>
			<vTilePosition>
				<x>1</x>
				<y>8</y>
			</vTilePosition>
			<iTileType>2</iTileType>
		</Tile>
		<Tile>
			<vTilePosition>
				<x>1</x>
				<y>9</y>
			</vTilePosition>
			<iTileType>2</iTileType>
		</Tile>
		<Tile>
			<vTilePosition>
				<x>1</x>
				<y>10</y>
			</vTilePosition>
			<iTileType>1</iTileType>
		</Tile>
		<Tile>
			<vTilePosition>
				<x>1</x>
				<y>11</y>
			</vTilePosition>
			<iTileType>2</iTileType>
		</Tile>
		<Tile>
			<vTilePosition>
				<x>1</x>
				<y>12</y>
			</vTilePosition>
			<iTileType>2</iTileType>
		</Tile>
		<Tile>
			<vTilePosition>
				<x>2</x>
				<y>0</y>
			</vTilePosition>
			<iTileType>0</iTileType>
		</Tile>
		<Tile>
			<vTilePosition>
				<x>2</x>
				<y>1</y>
			</vTilePosition>
			<iTileType>0</iTileType>
		</Tile>
		<Tile>
			<vTilePosition>
				<x>2</x>
				<y>2</y>
			</vTilePosition>
			<iTileType>0</iTileType>
		</Tile>
		<Tile>
			<vTilePosition>
				<x>2</x>
				<y>3</y>
			</vTilePosition>
			<iTileType>0</iTileType>
		</Tile>
		<Tile>
			<vTilePosition>
				<x>2</x>
				<y>4</y>
			</vTilePosition>
			<iTileType>0</iTileType>
		</Tile>
		<Tile>
			<vTilePosition>
				<x>2</x>
				<y>5</y>
			</vTilePosition>
			<iTileType>0</iTileType>
		</Tile>
		<Tile>
			<vTilePosition>
				<x>2</x>
				<y>6</y>
			</vTilePosition>
			<iTileType>2</iTileType>
		</Tile>
		<Tile>
			<vTilePosition>
				<x>2</x>
				<y>7</y>
			</vTilePosition>
			<iTileType>1</iTileType>
		</Tile>
		<Tile>
			<vTilePosition>
				<x>2</x>
				<y>8</y>
			</vTilePosition>
			<iTileType>2</iTileType>
		</Tile>
		<Tile>
			<vTilePosition>
				<x>2</x>
				<y>9</y>
			</vTilePosition>
			<iTileType>1</iTileType>
		</Tile>
		<Tile>
			<vTilePosition>
				<x>2</x>
				<y>10</y>
			</vTilePosition>
			<iTileType>1</iTileType>
		</Tile>
		<Tile>
			<vTilePosition>
				<x>2</x>
				<y>11</y>
			</vTilePosition>
			<iTileType>1</iTileType>
		</Tile>
		<Tile>
			<vTilePosition>
				<x>2</x>
				<y>12</y>
			</vTilePosition>
			<iTileType>2</iTileType>
		</Tile>
		<Tile>
			<vTilePosition>
				<x>3</x>
				<y>0</y>
			</vTilePosition>
			<iTileType>2</iTileType>
		</Tile>
		<Tile>
			<vTilePosition>
				<x>3</x>
				<y>1</y>
			</vTilePosition>
			<iTileType>2</iTileType>
		</Tile>
		<Tile>
			<vTilePosition>
				<x>3</x>
				<y>2</y>
			</vTilePosition>
			<iTileType>2</iTileType>
		</Tile>
		<Tile>
			<vTilePosition>
				<x>3</x>
				<y>3</y>
			</vTilePosition>
			<iTileType>2</iTileType>
		</Tile>
		<Tile>
			<vTilePosition>
				<x>3</x>
				<y>4</y>
			</vTilePosition>
			<iTileType>2</iTileType>
		</Tile>
		<Tile>
			<vTilePosition>
				<x>3</x>
				<y>5</y>
			</vTilePosition>
			<iTileType>2</iTileType>
		</Tile>
		<Tile>
			<vTilePosition>
				<x>3</x>
				<y>6</y>
			</vTilePosition>
			<iTileType>2</iTileType>
		</Tile>
		<Tile>
			<vTilePosition>
				<x>3</x>
				<y>7</y>
			</vTilePosition>
			<iTileType>1</iTileType>
		</Tile>
		<Tile>
			<vTilePosition>
				<x>3</x>
				<y>8</y>
			</vTilePosition>
			<iTileType>1</iTileType>
		</Tile>
		<Tile>
			<vTilePosition>
				<x>3</x>
				<y>9</y>
			</vTilePosition>
			<iTileType>1</iTileType>
		</Tile>
		<Tile>
			<vTilePosition>
				<x>3</x>
				<y>10</y>
			</vTilePosition>
			<iTileType>1</iTileType>
		</Tile>
		<Tile>
			<vTilePosition>
				<x>3</x>
				<y>11</y>
			</vTilePosition>
			<iTileType>1</iTileType>
		</Tile>
		<Tile>
			<vTilePosition>
				<x>3</x>
				<y>12</y>
			</vTilePosition>
			<iTileType>2</iTileType>
		</Tile>
		<Tile>
			<vTilePosition>
				<x>4</x>
				<y>0</y>
			</vTilePosition>
			<iTileType>2</iTileType>
		</Tile>
		<Tile>
			<vTilePosition>
				<x>4</x>
				<y>1</y>
			</vTilePosition>
			<iTileType>1</iTileType>
		</Tile>
		<Tile>
			<vTilePosition>
				<x>4</x>
				<y>2</y>
			</vTilePosition>
			<iTileType>1</iTileType>
		</Tile>
		<Tile>
			<vTilePosition>
				<x>4</x>
				<y>3</y>
			</vTilePosition>
			<iTileType>1</iTileType>
		</Tile>
		<Tile>
			<vTilePosition>
				<x>4</x>
				<y>4</y>
			</vTilePosition>
			<iTileType>1</iTileType>
		</Tile>
		<Tile>
			<vTilePosition>
				<x>4</x>
				<y>5</y>
			</vTilePosition>
			<iTileType>1</iTileType>
		</Tile>
		<Tile>
			<vTilePosition>
				<x>4</x>
				<y>6</y>
			</vTilePosition>
			<iTileType>2</iTileType>
		</Tile>
		<Tile>
			<vTilePosition>
				<x>4</x>
				<y>7</y>
			</vTilePosition>
			<iTileType>1</iTileType>
		</Tile>
		<Tile>
			<vTilePosition>
				<x>4</x>
				<y>8</y>
			</vTilePosition>
			<iTileType>2</iTileType>
		</Tile>
		<Tile>
			<vTilePosition>
				<x>4</x>
				<y>9</y>
			</vTilePosition>
			<iTileType>2</iTileType>
		</Tile>
		<Tile>
			<vTilePosition>
				<x>4</x>
				<y>10</y>
			</vTilePosition>
			<iTileType>1</iTileType>
		</Tile>
		<Tile>
			<vTilePosition>
				<x>4</x>
				<y>11</y>
			</vTilePosition>
			<iTileType>2</iTileType>
		</Tile>
		<Tile>
			<vTilePosition>
				<x>4</x>
				<y>12</y>
			</vTilePosition>
			<iTileType>2</iTileType>
		</Tile>
		<Tile>
			<vTilePosition>
				<x>5</x>
				<y>0</y>
			</vTilePosition>
			<iTileType>2</iTileType>
		</Tile>
		<Tile>
			<vTilePosition>
				<x>5</x>
				<y>1</y>
			</vTilePosition>
			<iTileType>2</iTileType>
		</Tile>
		<Tile>
			<vTilePosition>
				<x>5</x>
				<y>2</y>
			</vTilePosition>
			<iTileType>2</iTileType>
		</Tile>
		<Tile>
			<vTilePosition>
				<x>5</x>
				<y>3</y>
			</vTilePosition>
			<iTileType>1</iTileType>
		</Tile>
		<Tile>
			<vTilePosition>
				<x>5</x>
				<y>4</y>
			</vTilePosition>
			<iTileType>1</iTileType>
		</Tile>
		<Tile>
			<vTilePosition>
				<x>5</x>
				<y>5</y>
			</vTilePosition>
			<iTileType>1</iTileType>
		</Tile>
		<Tile>
			<vTilePosition>
				<x>5</x>
				<y>6</y>
			</vTilePosition>
			<iTileType>1</iTileType>
		</Tile>
		<Tile>
			<vTilePosition>
				<x>5</x>
				<y>7</y>
			</vTilePosition>
			<iTileType>1</iTileType>
		</Tile>
		<Tile>
			<vTilePosition>
				<x>5</x>
				<y>8</y>
			</vTilePosition>
			<iTileType>1</iTileType>
		</Tile>
		<Tile>
			<vTilePosition>
				<x>5</x>
				<y>9</y>
			</vTilePosition>
			<iTileType>2</iTileType>
		</Tile>
		<Tile>
			<vTilePosition>
				<x>5</x>
				<y>10</y>
			</vTilePosition>
			<iTileType>2</iTileType>
		</Tile>
		<Tile>
			<vTilePosition>
				<x>5</x>
				<y>11</y>
			</vTilePosition>
			<iTileType>2</iTileType>
		</Tile>
		<Tile>
			<vTilePosition>
				<x>5</x>
				<y>12</y>
			</vTilePosition>
			<iTileType>0</iTileType>
		</Tile>
		<Tile>
			<vTilePosition>
				<x>6</x>
				<y>0</y>
			</vTilePosition>
			<iTileType>0</iTileType>
		</Tile>
		<Tile>
			<vTilePosition>
				<x>6</x>
				<y>1</y>
			</vTilePosition>
			<iTileType>0</iTileType>
		</Tile>
		<Tile>
			<vTilePosition>
				<x>6</x>
				<y>2</y>
			</vTilePosition>
			<iTileType>2</iTileType>
		</Tile>
		<Tile>
			<vTilePosition>
				<x>6</x>
				<y>3</y>
			</vTilePosition>
			<iTileType>1</iTileType>
		</Tile>
		<Tile>
			<vTilePosition>
				<x>6</x>
				<y>4</y>
			</vTilePosition>
			<iTileType>1</iTileType>
		</Tile>
		<Tile>
			<vTilePosition>
				<x>6</x>
				<y>5</y>
			</vTilePosition>
			<iTileType>1</iTileType>
		</Tile>
		<Tile>
			<vTilePosition>
				<x>6</x>
				<y>6</y>
			</vTilePosition>
			<iTileType>2</iTileType>
		</Tile>
		<Tile>
			<vTilePosition>
				<x>6</x>
				<y>7</y>
			</vTilePosition>
			<iTileType>1</iTileType>
		</Tile>
		<Tile>
			<vTilePosition>
				<x>6</x>
				<y>8</y>
			</vTilePosition>
			<iTileType>2</iTileType>
		</Tile>
		<Tile>
			<vTilePosition>
				<x>6</x>
				<y>9</y>
			</vTilePosition>
			<iTileType>2</iTileType>
		</Tile>
		<Tile>
			<vTilePosition>
				<x>6</x>
				<y>10</y>
			</vTilePosition>
			<iTileType>0</iTileType>
		</Tile>
		<Tile>
			<vTilePosition>
				<x>6</x>
				<y>11</y>
			</vTilePosition>
			<iTileType>0</iTileType>
		</Tile>
		<Tile>
			<vTilePosition>
				<x>6</x>
				<y>12</y>
			</vTilePosition>
			<iTileType>0</iTileType>
		</Tile>
		<Tile>
			<vTilePosition>
				<x>7</x>
				<y>0</y>
			</vTilePosition>
			<iTileType>0</iTileType>
		</Tile>
		<Tile>
			<vTilePosition>
				<x>7</x>
				<y>1</y>
			</vTilePosition>
			<iTileType>0</iTileType>
		</Tile>
		<Tile>
			<vTilePosition>
				<x>7</x>
				<y>2</y>
			</vTilePosition>
			<iTileType>2</iTileType>
		</Tile>
		<Tile>
			<vTilePosition>
				<x>7</x>
				<y>3</y>
			</vTilePosition>
			<iTileType>2</iTileType>
		</Tile>
		<Tile>
			<vTilePosition>
				<x>7</x>
				<y>4</y>
			</vTilePosition>
			<iTileType>2</iTileType>
		</Tile>
		<Tile>
			<vTilePosition>
				<x>7</x>
				<y>5</y>
			</vTilePosition>
			<iTileType>2</iTileType>
		</Tile>
		<Tile>
			<vTilePosition>
				<x>7</x>
				<y>6</y>
			</vTilePosition>
			<iTileType>2</iTileType>
		</Tile>
		<Tile>
			<vTilePosition>
				<x>7</x>
				<y>7</y>
			</vTilePosition>
			<iTileType>1</iTileType>
		</Tile>
		<Tile>
			<vTilePosition>
				<x>7</x>
				<y>8</y>
			</vTilePosition>
			<iTileType>2</iTileType>
		</Tile>
		<Tile>
			<vTilePosition>
				<x>7</x>
				<y>9</y>
			</vTilePosition>
			<iTileType>0</iTileType>
		</Tile>
		<Tile>
			<vTilePosition>
				<x>7</x>
				<y>10</y>
			</vTilePosition>
			<iTileType>0</iTileType>
		</Tile>
		<Tile>
			<vTilePosition>
				<x>7</x>
				<y>11</y>
			</vTilePosition>
			<iTileType>0</iTileType>
		</Tile>
		<Tile>
			<vTilePosition>
				<x>7</x>
				<y>12</y>
			</vTilePosition>
			<iTileType>0</iTileType>
		</Tile>
		<Tile>
			<vTilePosition>
				<x>8</x>
				<y>0</y>
			</vTilePosition>
			<iTileType>0</iTileType>
		</Tile>
		<Tile>
			<vTilePosition>
				<x>8</x>
				<y>1</y>
			</vTilePosition>
			<iTileType>0</iTileType>
		</Tile>
		<Tile>
			<vTilePosition>
				<x>8</x>
				<y>2</y>
			</vTilePosition>
			<iTileType>0</iTileType>
		</Tile>
		<Tile>
			<vTilePosition>
				<x>8</x>
				<y>3</y>
			</vTilePosition>
			<iTileType>0</iTileType>
		</Tile>
		<Tile>
			<vTilePosition>
				<x>8</x>
				<y>4</y>
			</vTilePosition>
			<iTileType>0</iTileType>
		</Tile>
		<Tile>
			<vTilePosition>
				<x>8</x>
				<y>5</y>
			</vTilePosition>
			<iTileType>0</iTileType>
		</Tile>
		<Tile>
			<vTilePosition>
				<x>8</x>
				<y>6</y>
			</vTilePosition>
			<iTileType>2</iTileType>
		</Tile>
		<Tile>
			<vTilePosition>
				<x>8</x>
				<y>7</y>
			</vTilePosition>
			<iTileType>2</iTileType>
		</Tile>
		<Tile>
			<vTilePosition>
				<x>8</x>
				<y>8</y>
			</vTilePosition>
			<iTileType>2</iTileType>
		</Tile>
		<Tile>
			<vTilePosition>
				<x>8</x>
				<y>9</y>
			</vTilePosition>
			<iTileType>0</iTileType>
		</Tile>
		<Tile>
			<vTilePosition>
				<x>8</x>
				<y>10</y>
			</vTilePosition>
			<iTileType>0</iTileType>
		</Tile>
		<Tile>
			<vTilePosition>
				<x>8</x>
				<y>11</y>
			</vTilePosition>
			<iTileType>0</iTileType>
		</Tile>
		<Tile>
			<vTilePosition>
				<x>8</x>
				<y>12</y>
			</vTilePosition>
			<iTileType>0</iTileType>
		</Tile>
		<Tile>
			<vTilePosition>
				<x>9</x>
				<y>0</y>
			</vTilePosition>
			<iTileType>0</iTileType>
		</Tile>
		<Tile>
			<vTilePosition>
				<x>9</x>
				<y>1</y>
			</vTilePosition>
			<iTileType>0</iTileType>
		</Tile>
		<Tile>
			<vTilePosition>
				<x>9</x>
				<y>2</y>
			</vTilePosition>
			<iTileType>0</iTileType>
		</Tile>
		<Tile>
			<vTilePosition>
				<x>9</x>
				<y>3</y>
			</vTilePosition>
			<iTileType>0</iTileType>
		</Tile>
		<Tile>
			<vTilePosition>
				<x>9</x>
				<y>4</y>
			</vTilePosition>
			<iTileType>0</iTileType>
		</Tile>
		<Tile>
			<vTilePosition>
				<x>9</x>
				<y>5</y>
			</vTilePosition>
			<iTileType>0</iTileType>
		</Tile>
		<Tile>
			<vTilePosition>
				<x>9</x>
				<y>6</y>
			</vTilePosition>
			<iTileType>0</iTileType>
		</Tile>
		<Tile>
			<vTilePosition>
				<x>9</x>
				<y>7</y>
			</vTilePosition>
			<iTileType>0</iTileType>
		</Tile>
		<Tile>
			<vTilePosition>
				<x>9</x>
				<y>8</y>
			</vTilePosition>
			<iTileType>0</iTileType>
		</Tile>
		<Tile>
			<vTilePosition>
				<x>9</x>
				<y>9</y>
			</vTilePosition>
			<iTileType>0</iTileType>
		</Tile>
		<Tile>
			<vTilePosition>
				<x>9</x>
				<y>10</y>
			</vTilePosition>
			<iTileType>0</iTileType>
		</Tile>
		<Tile>
			<vTilePosition>
				<x>9</x>
				<y>11</y>
			</vTilePosition>
			<iTileType>0</iTileType>
		</Tile>
		<Tile>
			<vTilePosition>
				<x>9</x>
				<y>12</y>
			</vTilePosition>
			<iTileType>0</iTileType>
		</Tile>
		<Tile>
			<vTilePosition>
				<x>10</x>
				<y>0</y>
			</vTilePosition>
			<iTileType>0</iTileType>
		</Tile>
		<Tile>
			<vTilePosition>
				<x>10</x>
				<y>1</y>
			</vTilePosition>
			<iTileType>0</iTileType>
		</Tile>
		<Tile>
			<vTilePosition>
				<x>10</x>
				<y>2</y>
			</vTilePosition>
			<iTileType>0</iTileType>
		</Tile>
		<Tile>
			<vTilePosition>
				<x>10</x>
				<y>3</y>
			</vTilePosition>
			<iTileType>0</iTileType>
		</Tile>
		<Tile>
			<vTilePosition>
				<x>10</x>
				<y>4</y>
			</vTilePosition>
			<iTileType>0</iTileType>
		</Tile>
		<Tile>
			<vTilePosition>
				<x>10</x>
				<y>5</y>
			</vTilePosition>
			<iTileType>0</iTileType>
		</Tile>
		<Tile>
			<vTilePosition>
				<x>10</x>
				<y>6</y>
			</vTilePosition>
			<iTileType>0</iTileType>
		</Tile>
		<Tile>
			<vTilePosition>
				<x>10</x>
				<y>7</y>
			</vTilePosition>
			<iTileType>0</iTileType>
		</Tile>
		<Tile>
			<vTilePosition>
				<x>10</x>
				<y>8</y>
			</vTilePosition>
			<iTileType>0</iTileType>
		</Tile>
		<Tile>
			<vTilePosition>
				<x>10</x>
				<y>9</y>
			</vTilePosition>
			<iTileType>0</iTileType>
		</Tile>
		<Tile>
			<vTilePosition>
				<x>10</x>
				<y>10</y>
			</vTilePosition>
			<iTileType>0</iTileType>
		</Tile>
		<Tile>
			<vTilePosition>
				<x>10</x>
				<y>11</y>
			</vTilePosition>
			<iTileType>0</iTileType>
		</Tile>
		<Tile>
			<vTilePosition>
				<x>10</x>
				<y>12</y>
			</vTilePosition>
			<iTileType>0</iTileType>
		</Tile>
		<Tile>
			<vTilePosition>
				<x>11</x>
				<y>0</y>
			</vTilePosition>
			<iTileType>0</iTileType>
		</Tile>
		<Tile>
			<vTilePosition>
				<x>11</x>
				<y>1</y>
			</vTilePosition>
			<iTileType>0</iTileType>
		</Tile>
		<Tile>
			<vTilePosition>
				<x>11</x>
				<y>2</y>
			</vTilePosition>
			<iTileType>0</iTileType>
		</Tile>
		<Tile>
			<vTilePosition>
				<x>11</x>
				<y>3</y>
			</vTilePosition>
			<iTileType>0</iTileType>
		</Tile>
		<Tile>
			<vTilePosition>
				<x>11</x>
				<y>4</y>
			</vTilePosition>
			<iTileType>0</iTileType>
		</Tile>
		<Tile>
			<vTilePosition>
				<x>11</x>
				<y>5</y>
			</vTilePosition>
			<iTileType>0</iTileType>
		</Tile>
		<Tile>
			<vTilePosition>
				<x>11</x>
				<y>6</y>
			</vTilePosition>
			<iTileType>0</iTileType>
		</Tile>
		<Tile>
			<vTilePosition>
				<x>11</x>
				<y>7</y>
			</vTilePosition>
			<iTileType>0</iTileType>
		</Tile>
		<Tile>
			<vTilePosition>
				<x>11</x>
				<y>8</y>
			</vTilePosition>
			<iTileType>0</iTileType>
		</Tile>
		<Tile>
			<vTilePosition>
				<x>11</x>
				<y>9</y>
			</vTilePosition>
			<iTileType>0</iTileType>
		</Tile>
		<Tile>
			<vTilePosition>
				<x>11</x>
				<y>10</y>
			</vTilePosition>
			<iTileType>0</iTileType>
		</Tile>
		<Tile>
			<vTilePosition>
				<x>11</x>
				<y>11</y>
			</vTilePosition>
			<iTileType>0</iTileType>
		</Tile>
		<Tile>
			<vTilePosition>
				<x>11</x>
				<y>12</y>
			</vTilePosition>
			<iTileType>0</iTileType>
		</Tile>
		<Tile>
			<vTilePosition>
				<x>12</x>
				<y>0</y>
			</vTilePosition>
			<iTileType>0</iTileType>
		</Tile>
		<Tile>
			<vTilePosition>
				<x>12</x>
				<y>1</y>
			</vTilePosition>
			<iTileType>0</iTileType>
		</Tile>
		<Tile>
			<vTilePosition>
				<x>12</x>
				<y>2</y>
			</vTilePosition>
			<iTileType>0</iTileType>
		</Tile>
		<Tile>
			<vTilePosition>
				<x>12</x>
				<y>3</y>
			</vTilePosition>
			<iTileType>0</iTileType>
		</Tile>
		<Tile>
			<vTilePosition>
				<x>12</x>
				<y>4</y>
			</vTilePosition>
			<iTileType>0</iTileType>
		</Tile>
		<Tile>
			<vTilePosition>
				<x>12</x>
				<y>5</y>
			</vTilePosition>
			<iTileType>0</iTileType>
		</Tile>
		<Tile>
			<vTilePosition>
				<x>12</x>
				<y>6</y>
			</vTilePosition>
			<iTileType>0</iTileType>
		</Tile>
		<Tile>
			<vTilePosition>
				<x>12</x>
				<y>7</y>
			</vTilePosition>
			<iTileType>0</iTileType>
		</Tile>
		<Tile>
			<vTilePosition>
				<x>12</x>
				<y>8</y>
			</vTilePosition>
			<iTileType>0</iTileType>
		</Tile>
		<Tile>
			<vTilePosition>
				<x>12</x>
				<y>9</y>
			</vTilePosition>
			<iTileType>0</iTileType>
		</Tile>
		<Tile>
			<vTilePosition>
				<x>12</x>
				<y>10</y>
			</vTilePosition>
			<iTileType>0</iTileType>
		</Tile>
		<Tile>
			<vTilePosition>
				<x>12</x>
				<y>11</y>
			</vTilePosition>
			<iTileType>0</iTileType>
		</Tile>
		<Tile>
			<vTilePosition>
				<x>12</x>
				<y>12</y>
			</vTilePosition>
			<iTileType>0</iTileType>
		</Tile>
	</tMap>
</SavableLevel>