<?xml version="1.0" encoding="UTF-8" standalone="yes"?>
<SavableLevel xmlns:xsi="http://www.w3.org/2001/XMLSchema-instance">
	<sLevelName>7</sLevelName>
	<iLevelType>1</iLevelType>
	<vChar1StartPos>
		<x>2</x>
		<y>10</y>
	</vChar1StartPos>
	<vChar2StartPos>
		<x>1</x>
		<y>10</y>
	</vChar2StartPos>
	<vDim>
		<x>21</x>
		<y>21</y>
	</vDim>
	<sStars>
		<StarInXML>
			<vPosition>
				<x>18</x>
				<y>4</y>
			</vPosition>
		</StarInXML>
		<StarInXML>
			<vPosition>
				<x>18</x>
				<y>5</y>
			</vPosition>
		</StarInXML>
	</sStars>
	<dDoors>
		<DoorInXML>
			<vPosition>
				<x>11</x>
				<y>3</y>
			</vPosition>
			<iID>3</iID>
			<triggerNumber>1</triggerNumber>
		</DoorInXML>
		<DoorInXML>
			<vPosition>
				<x>3</x>
				<y>9</y>
			</vPosition>
			<iID>4</iID>
			<triggerNumber>1</triggerNumber>
		</DoorInXML>
	</dDoors>
	<StepTriggers>
		<StepTriggerInXML>
			<vPosition>
				<x>8</x>
				<y>2</y>
			</vPosition>
			<iID>3</iID>
		</StepTriggerInXML>
		<StepTriggerInXML>
			<vPosition>
				<x>4</x>
				<y>12</y>
			</vPosition>
			<iID>4</iID>
		</StepTriggerInXML>
	</StepTriggers>
	<StayTriggers>
		<StayTriggerInXML>
			<vPosition>
				<x>11</x>
				<y>4</y>
			</vPosition>
			<iID>1</iID>
		</StayTriggerInXML>
		<StayTriggerInXML>
			<vPosition>
				<x>14</x>
				<y>4</y>
			</vPosition>
			<iID>2</iID>
		</StayTriggerInXML>
		<StayTriggerInXML>
			<vPosition/>
		</StayTriggerInXML>
	</StayTriggers>
	<sShooters>
		<ShooterInXML>
			<vPosition>
				<x>4</x>
				<y>7</y>
			</vPosition>
			<shootingTimeInterval>3</shootingTimeInterval>
			<sShootingDirection>North</sShootingDirection>
			<isMoving>0</isMoving>
		</ShooterInXML>
		<ShooterInXML>
			<vPosition/>
		</ShooterInXML>
	</sShooters>
	<cCheckPoints>
		<CheckPointInXML>
			<vCheckPoint1Position>
				<x>11</x>
				<y>2</y>
			</vCheckPoint1Position>
			<vCheckPoint2Position>
				<x>12</x>
				<y>2</y>
			</vCheckPoint2Position>
		</CheckPointInXML>
		<CheckPointInXML>
			<vCheckPoint1Position>
				<x>3</x>
				<y>8</y>
			</vCheckPoint1Position>
			<vCheckPoint2Position>
				<x>3</x>
				<y>7</y>
			</vCheckPoint2Position>
		</CheckPointInXML>
		<CheckPointInXML>
			<vCheckPoint1Position/>
			<vCheckPoint2Position/>
		</CheckPointInXML>
	</cCheckPoints>
	<pPushers>
		<PusherInXML>
			<vPosition>
				<x>9</x>
				<y>6</y>
			</vPosition>
			<isControlled>1</isControlled>
			<sDirection>North</sDirection>
			<range>3</range>
			<ID>1</ID>
			<timeInterval>0.8</timeInterval>
		</PusherInXML>
		<PusherInXML>
			<vPosition>
				<x>15</x>
				<y>1</y>
			</vPosition>
			<isControlled>1</isControlled>
			<sDirection>South</sDirection>
			<range>1</range>
			<ID>2</ID>
			<timeInterval>0.8</timeInterval>
		</PusherInXML>
	</pPushers>
	<tMap>
		<Tile>
			<vTilePosition>
				<x>0</x>
				<y>0</y>
			</vTilePosition>
			<iTileType>0</iTileType>
		</Tile>
		<Tile>
			<vTilePosition>
				<x>0</x>
				<y>1</y>
			</vTilePosition>
			<iTileType>0</iTileType>
		</Tile>
		<Tile>
			<vTilePosition>
				<x>0</x>
				<y>2</y>
			</vTilePosition>
			<iTileType>0</iTileType>
		</Tile>
		<Tile>
			<vTilePosition>
				<x>0</x>
				<y>3</y>
			</vTilePosition>
			<iTileType>0</iTileType>
		</Tile>
		<Tile>
			<vTilePosition>
				<x>0</x>
				<y>4</y>
			</vTilePosition>
			<iTileType>0</iTileType>
		</Tile>
		<Tile>
			<vTilePosition>
				<x>0</x>
				<y>5</y>
			</vTilePosition>
			<iTileType>0</iTileType>
		</Tile>
		<Tile>
			<vTilePosition>
				<x>0</x>
				<y>6</y>
			</vTilePosition>
			<iTileType>0</iTileType>
		</Tile>
		<Tile>
			<vTilePosition>
				<x>0</x>
				<y>7</y>
			</vTilePosition>
			<iTileType>0</iTileType>
		</Tile>
		<Tile>
			<vTilePosition>
				<x>0</x>
				<y>8</y>
			</vTilePosition>
			<iTileType>0</iTileType>
		</Tile>
		<Tile>
			<vTilePosition>
				<x>0</x>
				<y>9</y>
			</vTilePosition>
			<iTileType>2</iTileType>
		</Tile>
		<Tile>
			<vTilePosition>
				<x>0</x>
				<y>10</y>
			</vTilePosition>
			<iTileType>2</iTileType>
		</Tile>
		<Tile>
			<vTilePosition>
				<x>0</x>
				<y>11</y>
			</vTilePosition>
			<iTileType>2</iTileType>
		</Tile>
		<Tile>
			<vTilePosition>
				<x>0</x>
				<y>12</y>
			</vTilePosition>
			<iTileType>0</iTileType>
		</Tile>
		<Tile>
			<vTilePosition>
				<x>0</x>
				<y>13</y>
			</vTilePosition>
			<iTileType>0</iTileType>
		</Tile>
		<Tile>
			<vTilePosition>
				<x>0</x>
				<y>14</y>
			</vTilePosition>
			<iTileType>2</iTileType>
		</Tile>
		<Tile>
			<vTilePosition>
				<x>0</x>
				<y>15</y>
			</vTilePosition>
			<iTileType>2</iTileType>
		</Tile>
		<Tile>
			<vTilePosition>
				<x>0</x>
				<y>16</y>
			</vTilePosition>
			<iTileType>2</iTileType>
		</Tile>
		<Tile>
			<vTilePosition>
				<x>0</x>
				<y>17</y>
			</vTilePosition>
			<iTileType>0</iTileType>
		</Tile>
		<Tile>
			<vTilePosition>
				<x>0</x>
				<y>18</y>
			</vTilePosition>
			<iTileType>0</iTileType>
		</Tile>
		<Tile>
			<vTilePosition>
				<x>0</x>
				<y>19</y>
			</vTilePosition>
			<iTileType>0</iTileType>
		</Tile>
		<Tile>
			<vTilePosition>
				<x>0</x>
				<y>20</y>
			</vTilePosition>
			<iTileType>0</iTileType>
		</Tile>
		<Tile>
			<vTilePosition>
				<x>1</x>
				<y>0</y>
			</vTilePosition>
			<iTileType>0</iTileType>
		</Tile>
		<Tile>
			<vTilePosition>
				<x>1</x>
				<y>1</y>
			</vTilePosition>
			<iTileType>0</iTileType>
		</Tile>
		<Tile>
			<vTilePosition>
				<x>1</x>
				<y>2</y>
			</vTilePosition>
			<iTileType>0</iTileType>
		</Tile>
		<Tile>
			<vTilePosition>
				<x>1</x>
				<y>3</y>
			</vTilePosition>
			<iTileType>0</iTileType>
		</Tile>
		<Tile>
			<vTilePosition>
				<x>1</x>
				<y>4</y>
			</vTilePosition>
			<iTileType>0</iTileType>
		</Tile>
		<Tile>
			<vTilePosition>
				<x>1</x>
				<y>5</y>
			</vTilePosition>
			<iTileType>0</iTileType>
		</Tile>
		<Tile>
			<vTilePosition>
				<x>1</x>
				<y>6</y>
			</vTilePosition>
			<iTileType>0</iTileType>
		</Tile>
		<Tile>
			<vTilePosition>
				<x>1</x>
				<y>7</y>
			</vTilePosition>
			<iTileType>0</iTileType>
		</Tile>
		<Tile>
			<vTilePosition>
				<x>1</x>
				<y>8</y>
			</vTilePosition>
			<iTileType>0</iTileType>
		</Tile>
		<Tile>
			<vTilePosition>
				<x>1</x>
				<y>9</y>
			</vTilePosition>
			<iTileType>2</iTileType>
		</Tile>
		<Tile>
			<vTilePosition>
				<x>1</x>
				<y>10</y>
			</vTilePosition>
			<iTileType>1</iTileType>
		</Tile>
		<Tile>
			<vTilePosition>
				<x>1</x>
				<y>11</y>
			</vTilePosition>
			<iTileType>2</iTileType>
		</Tile>
		<Tile>
			<vTilePosition>
				<x>1</x>
				<y>12</y>
			</vTilePosition>
			<iTileType>0</iTileType>
		</Tile>
		<Tile>
			<vTilePosition>
				<x>1</x>
				<y>13</y>
			</vTilePosition>
			<iTileType>0</iTileType>
		</Tile>
		<Tile>
			<vTilePosition>
				<x>1</x>
				<y>14</y>
			</vTilePosition>
			<iTileType>2</iTileType>
		</Tile>
		<Tile>
			<vTilePosition>
				<x>1</x>
				<y>15</y>
			</vTilePosition>
			<iTileType>1</iTileType>
		</Tile>
		<Tile>
			<vTilePosition>
				<x>1</x>
				<y>16</y>
			</vTilePosition>
			<iTileType>2</iTileType>
		</Tile>
		<Tile>
			<vTilePosition>
				<x>1</x>
				<y>17</y>
			</vTilePosition>
			<iTileType>0</iTileType>
		</Tile>
		<Tile>
			<vTilePosition>
				<x>1</x>
				<y>18</y>
			</vTilePosition>
			<iTileType>0</iTileType>
		</Tile>
		<Tile>
			<vTilePosition>
				<x>1</x>
				<y>19</y>
			</vTilePosition>
			<iTileType>0</iTileType>
		</Tile>
		<Tile>
			<vTilePosition>
				<x>1</x>
				<y>20</y>
			</vTilePosition>
			<iTileType>0</iTileType>
		</Tile>
		<Tile>
			<vTilePosition>
				<x>2</x>
				<y>0</y>
			</vTilePosition>
			<iTileType>0</iTileType>
		</Tile>
		<Tile>
			<vTilePosition>
				<x>2</x>
				<y>1</y>
			</vTilePosition>
			<iTileType>0</iTileType>
		</Tile>
		<Tile>
			<vTilePosition>
				<x>2</x>
				<y>2</y>
			</vTilePosition>
			<iTileType>0</iTileType>
		</Tile>
		<Tile>
			<vTilePosition>
				<x>2</x>
				<y>3</y>
			</vTilePosition>
			<iTileType>0</iTileType>
		</Tile>
		<Tile>
			<vTilePosition>
				<x>2</x>
				<y>4</y>
			</vTilePosition>
			<iTileType>0</iTileType>
		</Tile>
		<Tile>
			<vTilePosition>
				<x>2</x>
				<y>5</y>
			</vTilePosition>
			<iTileType>0</iTileType>
		</Tile>
		<Tile>
			<vTilePosition>
				<x>2</x>
				<y>6</y>
			</vTilePosition>
			<iTileType>0</iTileType>
		</Tile>
		<Tile>
			<vTilePosition>
				<x>2</x>
				<y>7</y>
			</vTilePosition>
			<iTileType>2</iTileType>
		</Tile>
		<Tile>
			<vTilePosition>
				<x>2</x>
				<y>8</y>
			</vTilePosition>
			<iTileType>2</iTileType>
		</Tile>
		<Tile>
			<vTilePosition>
				<x>2</x>
				<y>9</y>
			</vTilePosition>
			<iTileType>2</iTileType>
		</Tile>
		<Tile>
			<vTilePosition>
				<x>2</x>
				<y>10</y>
			</vTilePosition>
			<iTileType>1</iTileType>
		</Tile>
		<Tile>
			<vTilePosition>
				<x>2</x>
				<y>11</y>
			</vTilePosition>
			<iTileType>2</iTileType>
		</Tile>
		<Tile>
			<vTilePosition>
				<x>2</x>
				<y>12</y>
			</vTilePosition>
			<iTileType>2</iTileType>
		</Tile>
		<Tile>
			<vTilePosition>
				<x>2</x>
				<y>13</y>
			</vTilePosition>
			<iTileType>2</iTileType>
		</Tile>
		<Tile>
			<vTilePosition>
				<x>2</x>
				<y>14</y>
			</vTilePosition>
			<iTileType>2</iTileType>
		</Tile>
		<Tile>
			<vTilePosition>
				<x>2</x>
				<y>15</y>
			</vTilePosition>
			<iTileType>1</iTileType>
		</Tile>
		<Tile>
			<vTilePosition>
				<x>2</x>
				<y>16</y>
			</vTilePosition>
			<iTileType>2</iTileType>
		</Tile>
		<Tile>
			<vTilePosition>
				<x>2</x>
				<y>17</y>
			</vTilePosition>
			<iTileType>2</iTileType>
		</Tile>
		<Tile>
			<vTilePosition>
				<x>2</x>
				<y>18</y>
			</vTilePosition>
			<iTileType>2</iTileType>
		</Tile>
		<Tile>
			<vTilePosition>
				<x>2</x>
				<y>19</y>
			</vTilePosition>
			<iTileType>0</iTileType>
		</Tile>
		<Tile>
			<vTilePosition>
				<x>2</x>
				<y>20</y>
			</vTilePosition>
			<iTileType>0</iTileType>
		</Tile>
		<Tile>
			<vTilePosition>
				<x>3</x>
				<y>0</y>
			</vTilePosition>
			<iTileType>0</iTileType>
		</Tile>
		<Tile>
			<vTilePosition>
				<x>3</x>
				<y>1</y>
			</vTilePosition>
			<iTileType>0</iTileType>
		</Tile>
		<Tile>
			<vTilePosition>
				<x>3</x>
				<y>2</y>
			</vTilePosition>
			<iTileType>0</iTileType>
		</Tile>
		<Tile>
			<vTilePosition>
				<x>3</x>
				<y>3</y>
			</vTilePosition>
			<iTileType>0</iTileType>
		</Tile>
		<Tile>
			<vTilePosition>
				<x>3</x>
				<y>4</y>
			</vTilePosition>
			<iTileType>0</iTileType>
		</Tile>
		<Tile>
			<vTilePosition>
				<x>3</x>
				<y>5</y>
			</vTilePosition>
			<iTileType>0</iTileType>
		</Tile>
		<Tile>
			<vTilePosition>
				<x>3</x>
				<y>6</y>
			</vTilePosition>
			<iTileType>0</iTileType>
		</Tile>
		<Tile>
			<vTilePosition>
				<x>3</x>
				<y>7</y>
			</vTilePosition>
			<iTileType>2</iTileType>
		</Tile>
		<Tile>
			<vTilePosition>
				<x>3</x>
				<y>8</y>
			</vTilePosition>
			<iTileType>1</iTileType>
		</Tile>
		<Tile>
			<vTilePosition>
				<x>3</x>
				<y>9</y>
			</vTilePosition>
			<iTileType>1</iTileType>
		</Tile>
		<Tile>
			<vTilePosition>
				<x>3</x>
				<y>10</y>
			</vTilePosition>
			<iTileType>1</iTileType>
		</Tile>
		<Tile>
			<vTilePosition>
				<x>3</x>
				<y>11</y>
			</vTilePosition>
			<iTileType>1</iTileType>
		</Tile>
		<Tile>
			<vTilePosition>
				<x>3</x>
				<y>12</y>
			</vTilePosition>
			<iTileType>1</iTileType>
		</Tile>
		<Tile>
			<vTilePosition>
				<x>3</x>
				<y>13</y>
			</vTilePosition>
			<iTileType>1</iTileType>
		</Tile>
		<Tile>
			<vTilePosition>
				<x>3</x>
				<y>14</y>
			</vTilePosition>
			<iTileType>1</iTileType>
		</Tile>
		<Tile>
			<vTilePosition>
				<x>3</x>
				<y>15</y>
			</vTilePosition>
			<iTileType>1</iTileType>
		</Tile>
		<Tile>
			<vTilePosition>
				<x>3</x>
				<y>16</y>
			</vTilePosition>
			<iTileType>1</iTileType>
		</Tile>
		<Tile>
			<vTilePosition>
				<x>3</x>
				<y>17</y>
			</vTilePosition>
			<iTileType>1</iTileType>
		</Tile>
		<Tile>
			<vTilePosition>
				<x>3</x>
				<y>18</y>
			</vTilePosition>
			<iTileType>2</iTileType>
		</Tile>
		<Tile>
			<vTilePosition>
				<x>3</x>
				<y>19</y>
			</vTilePosition>
			<iTileType>0</iTileType>
		</Tile>
		<Tile>
			<vTilePosition>
				<x>3</x>
				<y>20</y>
			</vTilePosition>
			<iTileType>0</iTileType>
		</Tile>
		<Tile>
			<vTilePosition>
				<x>4</x>
				<y>0</y>
			</vTilePosition>
			<iTileType>0</iTileType>
		</Tile>
		<Tile>
			<vTilePosition>
				<x>4</x>
				<y>1</y>
			</vTilePosition>
			<iTileType>0</iTileType>
		</Tile>
		<Tile>
			<vTilePosition>
				<x>4</x>
				<y>2</y>
			</vTilePosition>
			<iTileType>0</iTileType>
		</Tile>
		<Tile>
			<vTilePosition>
				<x>4</x>
				<y>3</y>
			</vTilePosition>
			<iTileType>0</iTileType>
		</Tile>
		<Tile>
			<vTilePosition>
				<x>4</x>
				<y>4</y>
			</vTilePosition>
			<iTileType>0</iTileType>
		</Tile>
		<Tile>
			<vTilePosition>
				<x>4</x>
				<y>5</y>
			</vTilePosition>
			<iTileType>0</iTileType>
		</Tile>
		<Tile>
			<vTilePosition>
				<x>4</x>
				<y>6</y>
			</vTilePosition>
			<iTileType>0</iTileType>
		</Tile>
		<Tile>
			<vTilePosition>
				<x>4</x>
				<y>7</y>
			</vTilePosition>
			<iTileType>2</iTileType>
		</Tile>
		<Tile>
			<vTilePosition>
				<x>4</x>
				<y>8</y>
			</vTilePosition>
			<iTileType>1</iTileType>
		</Tile>
		<Tile>
			<vTilePosition>
				<x>4</x>
				<y>9</y>
			</vTilePosition>
			<iTileType>1</iTileType>
		</Tile>
		<Tile>
			<vTilePosition>
				<x>4</x>
				<y>10</y>
			</vTilePosition>
			<iTileType>1</iTileType>
		</Tile>
		<Tile>
			<vTilePosition>
				<x>4</x>
				<y>11</y>
			</vTilePosition>
			<iTileType>2</iTileType>
		</Tile>
		<Tile>
			<vTilePosition>
				<x>4</x>
				<y>12</y>
			</vTilePosition>
			<iTileType>2</iTileType>
		</Tile>
		<Tile>
			<vTilePosition>
				<x>4</x>
				<y>13</y>
			</vTilePosition>
			<iTileType>1</iTileType>
		</Tile>
		<Tile>
			<vTilePosition>
				<x>4</x>
				<y>14</y>
			</vTilePosition>
			<iTileType>1</iTileType>
		</Tile>
		<Tile>
			<vTilePosition>
				<x>4</x>
				<y>15</y>
			</vTilePosition>
			<iTileType>1</iTileType>
		</Tile>
		<Tile>
			<vTilePosition>
				<x>4</x>
				<y>16</y>
			</vTilePosition>
			<iTileType>2</iTileType>
		</Tile>
		<Tile>
			<vTilePosition>
				<x>4</x>
				<y>17</y>
			</vTilePosition>
			<iTileType>2</iTileType>
		</Tile>
		<Tile>
			<vTilePosition>
				<x>4</x>
				<y>18</y>
			</vTilePosition>
			<iTileType>2</iTileType>
		</Tile>
		<Tile>
			<vTilePosition>
				<x>4</x>
				<y>19</y>
			</vTilePosition>
			<iTileType>0</iTileType>
		</Tile>
		<Tile>
			<vTilePosition>
				<x>4</x>
				<y>20</y>
			</vTilePosition>
			<iTileType>0</iTileType>
		</Tile>
		<Tile>
			<vTilePosition>
				<x>5</x>
				<y>0</y>
			</vTilePosition>
			<iTileType>0</iTileType>
		</Tile>
		<Tile>
			<vTilePosition>
				<x>5</x>
				<y>1</y>
			</vTilePosition>
			<iTileType>0</iTileType>
		</Tile>
		<Tile>
			<vTilePosition>
				<x>5</x>
				<y>2</y>
			</vTilePosition>
			<iTileType>0</iTileType>
		</Tile>
		<Tile>
			<vTilePosition>
				<x>5</x>
				<y>3</y>
			</vTilePosition>
			<iTileType>0</iTileType>
		</Tile>
		<Tile>
			<vTilePosition>
				<x>5</x>
				<y>4</y>
			</vTilePosition>
			<iTileType>0</iTileType>
		</Tile>
		<Tile>
			<vTilePosition>
				<x>5</x>
				<y>5</y>
			</vTilePosition>
			<iTileType>0</iTileType>
		</Tile>
		<Tile>
			<vTilePosition>
				<x>5</x>
				<y>6</y>
			</vTilePosition>
			<iTileType>0</iTileType>
		</Tile>
		<Tile>
			<vTilePosition>
				<x>5</x>
				<y>7</y>
			</vTilePosition>
			<iTileType>2</iTileType>
		</Tile>
		<Tile>
			<vTilePosition>
				<x>5</x>
				<y>8</y>
			</vTilePosition>
			<iTileType>1</iTileType>
		</Tile>
		<Tile>
			<vTilePosition>
				<x>5</x>
				<y>9</y>
			</vTilePosition>
			<iTileType>1</iTileType>
		</Tile>
		<Tile>
			<vTilePosition>
				<x>5</x>
				<y>10</y>
			</vTilePosition>
			<iTileType>1</iTileType>
		</Tile>
		<Tile>
			<vTilePosition>
				<x>5</x>
				<y>11</y>
			</vTilePosition>
			<iTileType>2</iTileType>
		</Tile>
		<Tile>
			<vTilePosition>
				<x>5</x>
				<y>12</y>
			</vTilePosition>
			<iTileType>2</iTileType>
		</Tile>
		<Tile>
			<vTilePosition>
				<x>5</x>
				<y>13</y>
			</vTilePosition>
			<iTileType>1</iTileType>
		</Tile>
		<Tile>
			<vTilePosition>
				<x>5</x>
				<y>14</y>
			</vTilePosition>
			<iTileType>1</iTileType>
		</Tile>
		<Tile>
			<vTilePosition>
				<x>5</x>
				<y>15</y>
			</vTilePosition>
			<iTileType>1</iTileType>
		</Tile>
		<Tile>
			<vTilePosition>
				<x>5</x>
				<y>16</y>
			</vTilePosition>
			<iTileType>2</iTileType>
		</Tile>
		<Tile>
			<vTilePosition>
				<x>5</x>
				<y>17</y>
			</vTilePosition>
			<iTileType>2</iTileType>
		</Tile>
		<Tile>
			<vTilePosition>
				<x>5</x>
				<y>18</y>
			</vTilePosition>
			<iTileType>0</iTileType>
		</Tile>
		<Tile>
			<vTilePosition>
				<x>5</x>
				<y>19</y>
			</vTilePosition>
			<iTileType>0</iTileType>
		</Tile>
		<Tile>
			<vTilePosition>
				<x>5</x>
				<y>20</y>
			</vTilePosition>
			<iTileType>0</iTileType>
		</Tile>
		<Tile>
			<vTilePosition>
				<x>6</x>
				<y>0</y>
			</vTilePosition>
			<iTileType>0</iTileType>
		</Tile>
		<Tile>
			<vTilePosition>
				<x>6</x>
				<y>1</y>
			</vTilePosition>
			<iTileType>0</iTileType>
		</Tile>
		<Tile>
			<vTilePosition>
				<x>6</x>
				<y>2</y>
			</vTilePosition>
			<iTileType>0</iTileType>
		</Tile>
		<Tile>
			<vTilePosition>
				<x>6</x>
				<y>3</y>
			</vTilePosition>
			<iTileType>0</iTileType>
		</Tile>
		<Tile>
			<vTilePosition>
				<x>6</x>
				<y>4</y>
			</vTilePosition>
			<iTileType>0</iTileType>
		</Tile>
		<Tile>
			<vTilePosition>
				<x>6</x>
				<y>5</y>
			</vTilePosition>
			<iTileType>0</iTileType>
		</Tile>
		<Tile>
			<vTilePosition>
				<x>6</x>
				<y>6</y>
			</vTilePosition>
			<iTileType>0</iTileType>
		</Tile>
		<Tile>
			<vTilePosition>
				<x>6</x>
				<y>7</y>
			</vTilePosition>
			<iTileType>2</iTileType>
		</Tile>
		<Tile>
			<vTilePosition>
				<x>6</x>
				<y>8</y>
			</vTilePosition>
			<iTileType>2</iTileType>
		</Tile>
		<Tile>
			<vTilePosition>
				<x>6</x>
				<y>9</y>
			</vTilePosition>
			<iTileType>2</iTileType>
		</Tile>
		<Tile>
			<vTilePosition>
				<x>6</x>
				<y>10</y>
			</vTilePosition>
			<iTileType>2</iTileType>
		</Tile>
		<Tile>
			<vTilePosition>
				<x>6</x>
				<y>11</y>
			</vTilePosition>
			<iTileType>2</iTileType>
		</Tile>
		<Tile>
			<vTilePosition>
				<x>6</x>
				<y>12</y>
			</vTilePosition>
			<iTileType>2</iTileType>
		</Tile>
		<Tile>
			<vTilePosition>
				<x>6</x>
				<y>13</y>
			</vTilePosition>
			<iTileType>2</iTileType>
		</Tile>
		<Tile>
			<vTilePosition>
				<x>6</x>
				<y>14</y>
			</vTilePosition>
			<iTileType>2</iTileType>
		</Tile>
		<Tile>
			<vTilePosition>
				<x>6</x>
				<y>15</y>
			</vTilePosition>
			<iTileType>1</iTileType>
		</Tile>
		<Tile>
			<vTilePosition>
				<x>6</x>
				<y>16</y>
			</vTilePosition>
			<iTileType>2</iTileType>
		</Tile>
		<Tile>
			<vTilePosition>
				<x>6</x>
				<y>17</y>
			</vTilePosition>
			<iTileType>2</iTileType>
		</Tile>
		<Tile>
			<vTilePosition>
				<x>6</x>
				<y>18</y>
			</vTilePosition>
			<iTileType>0</iTileType>
		</Tile>
		<Tile>
			<vTilePosition>
				<x>6</x>
				<y>19</y>
			</vTilePosition>
			<iTileType>0</iTileType>
		</Tile>
		<Tile>
			<vTilePosition>
				<x>6</x>
				<y>20</y>
			</vTilePosition>
			<iTileType>0</iTileType>
		</Tile>
		<Tile>
			<vTilePosition>
				<x>7</x>
				<y>0</y>
			</vTilePosition>
			<iTileType>0</iTileType>
		</Tile>
		<Tile>
			<vTilePosition>
				<x>7</x>
				<y>1</y>
			</vTilePosition>
			<iTileType>0</iTileType>
		</Tile>
		<Tile>
			<vTilePosition>
				<x>7</x>
				<y>2</y>
			</vTilePosition>
			<iTileType>0</iTileType>
		</Tile>
		<Tile>
			<vTilePosition>
				<x>7</x>
				<y>3</y>
			</vTilePosition>
			<iTileType>0</iTileType>
		</Tile>
		<Tile>
			<vTilePosition>
				<x>7</x>
				<y>4</y>
			</vTilePosition>
			<iTileType>0</iTileType>
		</Tile>
		<Tile>
			<vTilePosition>
				<x>7</x>
				<y>5</y>
			</vTilePosition>
			<iTileType>0</iTileType>
		</Tile>
		<Tile>
			<vTilePosition>
				<x>7</x>
				<y>6</y>
			</vTilePosition>
			<iTileType>0</iTileType>
		</Tile>
		<Tile>
			<vTilePosition>
				<x>7</x>
				<y>7</y>
			</vTilePosition>
			<iTileType>0</iTileType>
		</Tile>
		<Tile>
			<vTilePosition>
				<x>7</x>
				<y>8</y>
			</vTilePosition>
			<iTileType>0</iTileType>
		</Tile>
		<Tile>
			<vTilePosition>
				<x>7</x>
				<y>9</y>
			</vTilePosition>
			<iTileType>0</iTileType>
		</Tile>
		<Tile>
			<vTilePosition>
				<x>7</x>
				<y>10</y>
			</vTilePosition>
			<iTileType>0</iTileType>
		</Tile>
		<Tile>
			<vTilePosition>
				<x>7</x>
				<y>11</y>
			</vTilePosition>
			<iTileType>0</iTileType>
		</Tile>
		<Tile>
			<vTilePosition>
				<x>7</x>
				<y>12</y>
			</vTilePosition>
			<iTileType>0</iTileType>
		</Tile>
		<Tile>
			<vTilePosition>
				<x>7</x>
				<y>13</y>
			</vTilePosition>
			<iTileType>0</iTileType>
		</Tile>
		<Tile>
			<vTilePosition>
				<x>7</x>
				<y>14</y>
			</vTilePosition>
			<iTileType>2</iTileType>
		</Tile>
		<Tile>
			<vTilePosition>
				<x>7</x>
				<y>15</y>
			</vTilePosition>
			<iTileType>1</iTileType>
		</Tile>
		<Tile>
			<vTilePosition>
				<x>7</x>
				<y>16</y>
			</vTilePosition>
			<iTileType>2</iTileType>
		</Tile>
		<Tile>
			<vTilePosition>
				<x>7</x>
				<y>17</y>
			</vTilePosition>
			<iTileType>2</iTileType>
		</Tile>
		<Tile>
			<vTilePosition>
				<x>7</x>
				<y>18</y>
			</vTilePosition>
			<iTileType>2</iTileType>
		</Tile>
		<Tile>
			<vTilePosition>
				<x>7</x>
				<y>19</y>
			</vTilePosition>
			<iTileType>2</iTileType>
		</Tile>
		<Tile>
			<vTilePosition>
				<x>7</x>
				<y>20</y>
			</vTilePosition>
			<iTileType>0</iTileType>
		</Tile>
		<Tile>
			<vTilePosition>
				<x>8</x>
				<y>0</y>
			</vTilePosition>
			<iTileType>0</iTileType>
		</Tile>
		<Tile>
			<vTilePosition>
				<x>8</x>
				<y>1</y>
			</vTilePosition>
			<iTileType>0</iTileType>
		</Tile>
		<Tile>
			<vTilePosition>
				<x>8</x>
				<y>2</y>
			</vTilePosition>
			<iTileType>0</iTileType>
		</Tile>
		<Tile>
			<vTilePosition>
				<x>8</x>
				<y>3</y>
			</vTilePosition>
			<iTileType>0</iTileType>
		</Tile>
		<Tile>
			<vTilePosition>
				<x>8</x>
				<y>4</y>
			</vTilePosition>
			<iTileType>0</iTileType>
		</Tile>
		<Tile>
			<vTilePosition>
				<x>8</x>
				<y>5</y>
			</vTilePosition>
			<iTileType>0</iTileType>
		</Tile>
		<Tile>
			<vTilePosition>
				<x>8</x>
				<y>6</y>
			</vTilePosition>
			<iTileType>0</iTileType>
		</Tile>
		<Tile>
			<vTilePosition>
				<x>8</x>
				<y>7</y>
			</vTilePosition>
			<iTileType>0</iTileType>
		</Tile>
		<Tile>
			<vTilePosition>
				<x>8</x>
				<y>8</y>
			</vTilePosition>
			<iTileType>0</iTileType>
		</Tile>
		<Tile>
			<vTilePosition>
				<x>8</x>
				<y>9</y>
			</vTilePosition>
			<iTileType>0</iTileType>
		</Tile>
		<Tile>
			<vTilePosition>
				<x>8</x>
				<y>10</y>
			</vTilePosition>
			<iTileType>0</iTileType>
		</Tile>
		<Tile>
			<vTilePosition>
				<x>8</x>
				<y>11</y>
			</vTilePosition>
			<iTileType>0</iTileType>
		</Tile>
		<Tile>
			<vTilePosition>
				<x>8</x>
				<y>12</y>
			</vTilePosition>
			<iTileType>0</iTileType>
		</Tile>
		<Tile>
			<vTilePosition>
				<x>8</x>
				<y>13</y>
			</vTilePosition>
			<iTileType>2</iTileType>
		</Tile>
		<Tile>
			<vTilePosition>
				<x>8</x>
				<y>14</y>
			</vTilePosition>
			<iTileType>2</iTileType>
		</Tile>
		<Tile>
			<vTilePosition>
				<x>8</x>
				<y>15</y>
			</vTilePosition>
			<iTileType>1</iTileType>
		</Tile>
		<Tile>
			<vTilePosition>
				<x>8</x>
				<y>16</y>
			</vTilePosition>
			<iTileType>2</iTileType>
		</Tile>
		<Tile>
			<vTilePosition>
				<x>8</x>
				<y>17</y>
			</vTilePosition>
			<iTileType>2</iTileType>
		</Tile>
		<Tile>
			<vTilePosition>
				<x>8</x>
				<y>18</y>
			</vTilePosition>
			<iTileType>1</iTileType>
		</Tile>
		<Tile>
			<vTilePosition>
				<x>8</x>
				<y>19</y>
			</vTilePosition>
			<iTileType>2</iTileType>
		</Tile>
		<Tile>
			<vTilePosition>
				<x>8</x>
				<y>20</y>
			</vTilePosition>
			<iTileType>0</iTileType>
		</Tile>
		<Tile>
			<vTilePosition>
				<x>9</x>
				<y>0</y>
			</vTilePosition>
			<iTileType>0</iTileType>
		</Tile>
		<Tile>
			<vTilePosition>
				<x>9</x>
				<y>1</y>
			</vTilePosition>
			<iTileType>0</iTileType>
		</Tile>
		<Tile>
			<vTilePosition>
				<x>9</x>
				<y>2</y>
			</vTilePosition>
			<iTileType>0</iTileType>
		</Tile>
		<Tile>
			<vTilePosition>
				<x>9</x>
				<y>3</y>
			</vTilePosition>
			<iTileType>0</iTileType>
		</Tile>
		<Tile>
			<vTilePosition>
				<x>9</x>
				<y>4</y>
			</vTilePosition>
			<iTileType>0</iTileType>
		</Tile>
		<Tile>
			<vTilePosition>
				<x>9</x>
				<y>5</y>
			</vTilePosition>
			<iTileType>0</iTileType>
		</Tile>
		<Tile>
			<vTilePosition>
				<x>9</x>
				<y>6</y>
			</vTilePosition>
			<iTileType>0</iTileType>
		</Tile>
		<Tile>
			<vTilePosition>
				<x>9</x>
				<y>7</y>
			</vTilePosition>
			<iTileType>0</iTileType>
		</Tile>
		<Tile>
			<vTilePosition>
				<x>9</x>
				<y>8</y>
			</vTilePosition>
			<iTileType>0</iTileType>
		</Tile>
		<Tile>
			<vTilePosition>
				<x>9</x>
				<y>9</y>
			</vTilePosition>
			<iTileType>0</iTileType>
		</Tile>
		<Tile>
			<vTilePosition>
				<x>9</x>
				<y>10</y>
			</vTilePosition>
			<iTileType>0</iTileType>
		</Tile>
		<Tile>
			<vTilePosition>
				<x>9</x>
				<y>11</y>
			</vTilePosition>
			<iTileType>0</iTileType>
		</Tile>
		<Tile>
			<vTilePosition>
				<x>9</x>
				<y>12</y>
			</vTilePosition>
			<iTileType>0</iTileType>
		</Tile>
		<Tile>
			<vTilePosition>
				<x>9</x>
				<y>13</y>
			</vTilePosition>
			<iTileType>2</iTileType>
		</Tile>
		<Tile>
			<vTilePosition>
				<x>9</x>
				<y>14</y>
			</vTilePosition>
			<iTileType>1</iTileType>
		</Tile>
		<Tile>
			<vTilePosition>
				<x>9</x>
				<y>15</y>
			</vTilePosition>
			<iTileType>1</iTileType>
		</Tile>
		<Tile>
			<vTilePosition>
				<x>9</x>
				<y>16</y>
			</vTilePosition>
			<iTileType>1</iTileType>
		</Tile>
		<Tile>
			<vTilePosition>
				<x>9</x>
				<y>17</y>
			</vTilePosition>
			<iTileType>1</iTileType>
		</Tile>
		<Tile>
			<vTilePosition>
				<x>9</x>
				<y>18</y>
			</vTilePosition>
			<iTileType>1</iTileType>
		</Tile>
		<Tile>
			<vTilePosition>
				<x>9</x>
				<y>19</y>
			</vTilePosition>
			<iTileType>2</iTileType>
		</Tile>
		<Tile>
			<vTilePosition>
				<x>9</x>
				<y>20</y>
			</vTilePosition>
			<iTileType>0</iTileType>
		</Tile>
		<Tile>
			<vTilePosition>
				<x>10</x>
				<y>0</y>
			</vTilePosition>
			<iTileType>0</iTileType>
		</Tile>
		<Tile>
			<vTilePosition>
				<x>10</x>
				<y>1</y>
			</vTilePosition>
			<iTileType>0</iTileType>
		</Tile>
		<Tile>
			<vTilePosition>
				<x>10</x>
				<y>2</y>
			</vTilePosition>
			<iTileType>0</iTileType>
		</Tile>
		<Tile>
			<vTilePosition>
				<x>10</x>
				<y>3</y>
			</vTilePosition>
			<iTileType>0</iTileType>
		</Tile>
		<Tile>
			<vTilePosition>
				<x>10</x>
				<y>4</y>
			</vTilePosition>
			<iTileType>0</iTileType>
		</Tile>
		<Tile>
			<vTilePosition>
				<x>10</x>
				<y>5</y>
			</vTilePosition>
			<iTileType>0</iTileType>
		</Tile>
		<Tile>
			<vTilePosition>
				<x>10</x>
				<y>6</y>
			</vTilePosition>
			<iTileType>0</iTileType>
		</Tile>
		<Tile>
			<vTilePosition>
				<x>10</x>
				<y>7</y>
			</vTilePosition>
			<iTileType>0</iTileType>
		</Tile>
		<Tile>
			<vTilePosition>
				<x>10</x>
				<y>8</y>
			</vTilePosition>
			<iTileType>0</iTileType>
		</Tile>
		<Tile>
			<vTilePosition>
				<x>10</x>
				<y>9</y>
			</vTilePosition>
			<iTileType>0</iTileType>
		</Tile>
		<Tile>
			<vTilePosition>
				<x>10</x>
				<y>10</y>
			</vTilePosition>
			<iTileType>0</iTileType>
		</Tile>
		<Tile>
			<vTilePosition>
				<x>10</x>
				<y>11</y>
			</vTilePosition>
			<iTileType>0</iTileType>
		</Tile>
		<Tile>
			<vTilePosition>
				<x>10</x>
				<y>12</y>
			</vTilePosition>
			<iTileType>0</iTileType>
		</Tile>
		<Tile>
			<vTilePosition>
				<x>10</x>
				<y>13</y>
			</vTilePosition>
			<iTileType>2</iTileType>
		</Tile>
		<Tile>
			<vTilePosition>
				<x>10</x>
				<y>14</y>
			</vTilePosition>
			<iTileType>2</iTileType>
		</Tile>
		<Tile>
			<vTilePosition>
				<x>10</x>
				<y>15</y>
			</vTilePosition>
			<iTileType>1</iTileType>
		</Tile>
		<Tile>
			<vTilePosition>
				<x>10</x>
				<y>16</y>
			</vTilePosition>
			<iTileType>2</iTileType>
		</Tile>
		<Tile>
			<vTilePosition>
				<x>10</x>
				<y>17</y>
			</vTilePosition>
			<iTileType>2</iTileType>
		</Tile>
		<Tile>
			<vTilePosition>
				<x>10</x>
				<y>18</y>
			</vTilePosition>
			<iTileType>1</iTileType>
		</Tile>
		<Tile>
			<vTilePosition>
				<x>10</x>
				<y>19</y>
			</vTilePosition>
			<iTileType>2</iTileType>
		</Tile>
		<Tile>
			<vTilePosition>
				<x>10</x>
				<y>20</y>
			</vTilePosition>
			<iTileType>0</iTileType>
		</Tile>
		<Tile>
			<vTilePosition>
				<x>11</x>
				<y>0</y>
			</vTilePosition>
			<iTileType>0</iTileType>
		</Tile>
		<Tile>
			<vTilePosition>
				<x>11</x>
				<y>1</y>
			</vTilePosition>
			<iTileType>0</iTileType>
		</Tile>
		<Tile>
			<vTilePosition>
				<x>11</x>
				<y>2</y>
			</vTilePosition>
			<iTileType>0</iTileType>
		</Tile>
		<Tile>
			<vTilePosition>
				<x>11</x>
				<y>3</y>
			</vTilePosition>
			<iTileType>0</iTileType>
		</Tile>
		<Tile>
			<vTilePosition>
				<x>11</x>
				<y>4</y>
			</vTilePosition>
			<iTileType>0</iTileType>
		</Tile>
		<Tile>
			<vTilePosition>
				<x>11</x>
				<y>5</y>
			</vTilePosition>
			<iTileType>0</iTileType>
		</Tile>
		<Tile>
			<vTilePosition>
				<x>11</x>
				<y>6</y>
			</vTilePosition>
			<iTileType>0</iTileType>
		</Tile>
		<Tile>
			<vTilePosition>
				<x>11</x>
				<y>7</y>
			</vTilePosition>
			<iTileType>0</iTileType>
		</Tile>
		<Tile>
			<vTilePosition>
				<x>11</x>
				<y>8</y>
			</vTilePosition>
			<iTileType>0</iTileType>
		</Tile>
		<Tile>
			<vTilePosition>
				<x>11</x>
				<y>9</y>
			</vTilePosition>
			<iTileType>0</iTileType>
		</Tile>
		<Tile>
			<vTilePosition>
				<x>11</x>
				<y>10</y>
			</vTilePosition>
			<iTileType>0</iTileType>
		</Tile>
		<Tile>
			<vTilePosition>
				<x>11</x>
				<y>11</y>
			</vTilePosition>
			<iTileType>0</iTileType>
		</Tile>
		<Tile>
			<vTilePosition>
				<x>11</x>
				<y>12</y>
			</vTilePosition>
			<iTileType>0</iTileType>
		</Tile>
		<Tile>
			<vTilePosition>
				<x>11</x>
				<y>13</y>
			</vTilePosition>
			<iTileType>0</iTileType>
		</Tile>
		<Tile>
			<vTilePosition>
				<x>11</x>
				<y>14</y>
			</vTilePosition>
			<iTileType>2</iTileType>
		</Tile>
		<Tile>
			<vTilePosition>
				<x>11</x>
				<y>15</y>
			</vTilePosition>
			<iTileType>1</iTileType>
		</Tile>
		<Tile>
			<vTilePosition>
				<x>11</x>
				<y>16</y>
			</vTilePosition>
			<iTileType>1</iTileType>
		</Tile>
		<Tile>
			<vTilePosition>
				<x>11</x>
				<y>17</y>
			</vTilePosition>
			<iTileType>1</iTileType>
		</Tile>
		<Tile>
			<vTilePosition>
				<x>11</x>
				<y>18</y>
			</vTilePosition>
			<iTileType>1</iTileType>
		</Tile>
		<Tile>
			<vTilePosition>
				<x>11</x>
				<y>19</y>
			</vTilePosition>
			<iTileType>2</iTileType>
		</Tile>
		<Tile>
			<vTilePosition>
				<x>11</x>
				<y>20</y>
			</vTilePosition>
			<iTileType>0</iTileType>
		</Tile>
		<Tile>
			<vTilePosition>
				<x>12</x>
				<y>0</y>
			</vTilePosition>
			<iTileType>0</iTileType>
		</Tile>
		<Tile>
			<vTilePosition>
				<x>12</x>
				<y>1</y>
			</vTilePosition>
			<iTileType>0</iTileType>
		</Tile>
		<Tile>
			<vTilePosition>
				<x>12</x>
				<y>2</y>
			</vTilePosition>
			<iTileType>0</iTileType>
		</Tile>
		<Tile>
			<vTilePosition>
				<x>12</x>
				<y>3</y>
			</vTilePosition>
			<iTileType>0</iTileType>
		</Tile>
		<Tile>
			<vTilePosition>
				<x>12</x>
				<y>4</y>
			</vTilePosition>
			<iTileType>0</iTileType>
		</Tile>
		<Tile>
			<vTilePosition>
				<x>12</x>
				<y>5</y>
			</vTilePosition>
			<iTileType>0</iTileType>
		</Tile>
		<Tile>
			<vTilePosition>
				<x>12</x>
				<y>6</y>
			</vTilePosition>
			<iTileType>0</iTileType>
		</Tile>
		<Tile>
			<vTilePosition>
				<x>12</x>
				<y>7</y>
			</vTilePosition>
			<iTileType>0</iTileType>
		</Tile>
		<Tile>
			<vTilePosition>
				<x>12</x>
				<y>8</y>
			</vTilePosition>
			<iTileType>0</iTileType>
		</Tile>
		<Tile>
			<vTilePosition>
				<x>12</x>
				<y>9</y>
			</vTilePosition>
			<iTileType>0</iTileType>
		</Tile>
		<Tile>
			<vTilePosition>
				<x>12</x>
				<y>10</y>
			</vTilePosition>
			<iTileType>0</iTileType>
		</Tile>
		<Tile>
			<vTilePosition>
				<x>12</x>
				<y>11</y>
			</vTilePosition>
			<iTileType>0</iTileType>
		</Tile>
		<Tile>
			<vTilePosition>
				<x>12</x>
				<y>12</y>
			</vTilePosition>
			<iTileType>0</iTileType>
		</Tile>
		<Tile>
			<vTilePosition>
				<x>12</x>
				<y>13</y>
			</vTilePosition>
			<iTileType>0</iTileType>
		</Tile>
		<Tile>
			<vTilePosition>
				<x>12</x>
				<y>14</y>
			</vTilePosition>
			<iTileType>2</iTileType>
		</Tile>
		<Tile>
			<vTilePosition>
				<x>12</x>
				<y>15</y>
			</vTilePosition>
			<iTileType>2</iTileType>
		</Tile>
		<Tile>
			<vTilePosition>
				<x>12</x>
				<y>16</y>
			</vTilePosition>
			<iTileType>2</iTileType>
		</Tile>
		<Tile>
			<vTilePosition>
				<x>12</x>
				<y>17</y>
			</vTilePosition>
			<iTileType>2</iTileType>
		</Tile>
		<Tile>
			<vTilePosition>
				<x>12</x>
				<y>18</y>
			</vTilePosition>
			<iTileType>1</iTileType>
		</Tile>
		<Tile>
			<vTilePosition>
				<x>12</x>
				<y>19</y>
			</vTilePosition>
			<iTileType>2</iTileType>
		</Tile>
		<Tile>
			<vTilePosition>
				<x>12</x>
				<y>20</y>
			</vTilePosition>
			<iTileType>0</iTileType>
		</Tile>
		<Tile>
			<vTilePosition>
				<x>13</x>
				<y>0</y>
			</vTilePosition>
			<iTileType>0</iTileType>
		</Tile>
		<Tile>
			<vTilePosition>
				<x>13</x>
				<y>1</y>
			</vTilePosition>
			<iTileType>0</iTileType>
		</Tile>
		<Tile>
			<vTilePosition>
				<x>13</x>
				<y>2</y>
			</vTilePosition>
			<iTileType>0</iTileType>
		</Tile>
		<Tile>
			<vTilePosition>
				<x>13</x>
				<y>3</y>
			</vTilePosition>
			<iTileType>0</iTileType>
		</Tile>
		<Tile>
			<vTilePosition>
				<x>13</x>
				<y>4</y>
			</vTilePosition>
			<iTileType>0</iTileType>
		</Tile>
		<Tile>
			<vTilePosition>
				<x>13</x>
				<y>5</y>
			</vTilePosition>
			<iTileType>0</iTileType>
		</Tile>
		<Tile>
			<vTilePosition>
				<x>13</x>
				<y>6</y>
			</vTilePosition>
			<iTileType>0</iTileType>
		</Tile>
		<Tile>
			<vTilePosition>
				<x>13</x>
				<y>7</y>
			</vTilePosition>
			<iTileType>0</iTileType>
		</Tile>
		<Tile>
			<vTilePosition>
				<x>13</x>
				<y>8</y>
			</vTilePosition>
			<iTileType>0</iTileType>
		</Tile>
		<Tile>
			<vTilePosition>
				<x>13</x>
				<y>9</y>
			</vTilePosition>
			<iTileType>0</iTileType>
		</Tile>
		<Tile>
			<vTilePosition>
				<x>13</x>
				<y>10</y>
			</vTilePosition>
			<iTileType>0</iTileType>
		</Tile>
		<Tile>
			<vTilePosition>
				<x>13</x>
				<y>11</y>
			</vTilePosition>
			<iTileType>0</iTileType>
		</Tile>
		<Tile>
			<vTilePosition>
				<x>13</x>
				<y>12</y>
			</vTilePosition>
			<iTileType>0</iTileType>
		</Tile>
		<Tile>
			<vTilePosition>
				<x>13</x>
				<y>13</y>
			</vTilePosition>
			<iTileType>0</iTileType>
		</Tile>
		<Tile>
			<vTilePosition>
				<x>13</x>
				<y>14</y>
			</vTilePosition>
			<iTileType>0</iTileType>
		</Tile>
		<Tile>
			<vTilePosition>
				<x>13</x>
				<y>15</y>
			</vTilePosition>
			<iTileType>2</iTileType>
		</Tile>
		<Tile>
			<vTilePosition>
				<x>13</x>
				<y>16</y>
			</vTilePosition>
			<iTileType>1</iTileType>
		</Tile>
		<Tile>
			<vTilePosition>
				<x>13</x>
				<y>17</y>
			</vTilePosition>
			<iTileType>1</iTileType>
		</Tile>
		<Tile>
			<vTilePosition>
				<x>13</x>
				<y>18</y>
			</vTilePosition>
			<iTileType>1</iTileType>
		</Tile>
		<Tile>
			<vTilePosition>
				<x>13</x>
				<y>19</y>
			</vTilePosition>
			<iTileType>2</iTileType>
		</Tile>
		<Tile>
			<vTilePosition>
				<x>13</x>
				<y>20</y>
			</vTilePosition>
			<iTileType>0</iTileType>
		</Tile>
		<Tile>
			<vTilePosition>
				<x>14</x>
				<y>0</y>
			</vTilePosition>
			<iTileType>0</iTileType>
		</Tile>
		<Tile>
			<vTilePosition>
				<x>14</x>
				<y>1</y>
			</vTilePosition>
			<iTileType>0</iTileType>
		</Tile>
		<Tile>
			<vTilePosition>
				<x>14</x>
				<y>2</y>
			</vTilePosition>
			<iTileType>0</iTileType>
		</Tile>
		<Tile>
			<vTilePosition>
				<x>14</x>
				<y>3</y>
			</vTilePosition>
			<iTileType>0</iTileType>
		</Tile>
		<Tile>
			<vTilePosition>
				<x>14</x>
				<y>4</y>
			</vTilePosition>
			<iTileType>0</iTileType>
		</Tile>
		<Tile>
			<vTilePosition>
				<x>14</x>
				<y>5</y>
			</vTilePosition>
			<iTileType>0</iTileType>
		</Tile>
		<Tile>
			<vTilePosition>
				<x>14</x>
				<y>6</y>
			</vTilePosition>
			<iTileType>0</iTileType>
		</Tile>
		<Tile>
			<vTilePosition>
				<x>14</x>
				<y>7</y>
			</vTilePosition>
			<iTileType>0</iTileType>
		</Tile>
		<Tile>
			<vTilePosition>
				<x>14</x>
				<y>8</y>
			</vTilePosition>
			<iTileType>0</iTileType>
		</Tile>
		<Tile>
			<vTilePosition>
				<x>14</x>
				<y>9</y>
			</vTilePosition>
			<iTileType>0</iTileType>
		</Tile>
		<Tile>
			<vTilePosition>
				<x>14</x>
				<y>10</y>
			</vTilePosition>
			<iTileType>0</iTileType>
		</Tile>
		<Tile>
			<vTilePosition>
				<x>14</x>
				<y>11</y>
			</vTilePosition>
			<iTileType>0</iTileType>
		</Tile>
		<Tile>
			<vTilePosition>
				<x>14</x>
				<y>12</y>
			</vTilePosition>
			<iTileType>0</iTileType>
		</Tile>
		<Tile>
			<vTilePosition>
				<x>14</x>
				<y>13</y>
			</vTilePosition>
			<iTileType>0</iTileType>
		</Tile>
		<Tile>
			<vTilePosition>
				<x>14</x>
				<y>14</y>
			</vTilePosition>
			<iTileType>0</iTileType>
		</Tile>
		<Tile>
			<vTilePosition>
				<x>14</x>
				<y>15</y>
			</vTilePosition>
			<iTileType>2</iTileType>
		</Tile>
		<Tile>
			<vTilePosition>
				<x>14</x>
				<y>16</y>
			</vTilePosition>
			<iTileType>1</iTileType>
		</Tile>
		<Tile>
			<vTilePosition>
				<x>14</x>
				<y>17</y>
			</vTilePosition>
			<iTileType>1</iTileType>
		</Tile>
		<Tile>
			<vTilePosition>
				<x>14</x>
				<y>18</y>
			</vTilePosition>
			<iTileType>1</iTileType>
		</Tile>
		<Tile>
			<vTilePosition>
				<x>14</x>
				<y>19</y>
			</vTilePosition>
			<iTileType>2</iTileType>
		</Tile>
		<Tile>
			<vTilePosition>
				<x>14</x>
				<y>20</y>
			</vTilePosition>
			<iTileType>2</iTileType>
		</Tile>
		<Tile>
			<vTilePosition>
				<x>15</x>
				<y>0</y>
			</vTilePosition>
			<iTileType>0</iTileType>
		</Tile>
		<Tile>
			<vTilePosition>
				<x>15</x>
				<y>1</y>
			</vTilePosition>
			<iTileType>0</iTileType>
		</Tile>
		<Tile>
			<vTilePosition>
				<x>15</x>
				<y>2</y>
			</vTilePosition>
			<iTileType>0</iTileType>
		</Tile>
		<Tile>
			<vTilePosition>
				<x>15</x>
				<y>3</y>
			</vTilePosition>
			<iTileType>0</iTileType>
		</Tile>
		<Tile>
			<vTilePosition>
				<x>15</x>
				<y>4</y>
			</vTilePosition>
			<iTileType>0</iTileType>
		</Tile>
		<Tile>
			<vTilePosition>
				<x>15</x>
				<y>5</y>
			</vTilePosition>
			<iTileType>0</iTileType>
		</Tile>
		<Tile>
			<vTilePosition>
				<x>15</x>
				<y>6</y>
			</vTilePosition>
			<iTileType>0</iTileType>
		</Tile>
		<Tile>
			<vTilePosition>
				<x>15</x>
				<y>7</y>
			</vTilePosition>
			<iTileType>0</iTileType>
		</Tile>
		<Tile>
			<vTilePosition>
				<x>15</x>
				<y>8</y>
			</vTilePosition>
			<iTileType>0</iTileType>
		</Tile>
		<Tile>
			<vTilePosition>
				<x>15</x>
				<y>9</y>
			</vTilePosition>
			<iTileType>0</iTileType>
		</Tile>
		<Tile>
			<vTilePosition>
				<x>15</x>
				<y>10</y>
			</vTilePosition>
			<iTileType>0</iTileType>
		</Tile>
		<Tile>
			<vTilePosition>
				<x>15</x>
				<y>11</y>
			</vTilePosition>
			<iTileType>0</iTileType>
		</Tile>
		<Tile>
			<vTilePosition>
				<x>15</x>
				<y>12</y>
			</vTilePosition>
			<iTileType>0</iTileType>
		</Tile>
		<Tile>
			<vTilePosition>
				<x>15</x>
				<y>13</y>
			</vTilePosition>
			<iTileType>0</iTileType>
		</Tile>
		<Tile>
			<vTilePosition>
				<x>15</x>
				<y>14</y>
			</vTilePosition>
			<iTileType>0</iTileType>
		</Tile>
		<Tile>
			<vTilePosition>
				<x>15</x>
				<y>15</y>
			</vTilePosition>
			<iTileType>2</iTileType>
		</Tile>
		<Tile>
			<vTilePosition>
				<x>15</x>
				<y>16</y>
			</vTilePosition>
			<iTileType>2</iTileType>
		</Tile>
		<Tile>
			<vTilePosition>
				<x>15</x>
				<y>17</y>
			</vTilePosition>
			<iTileType>1</iTileType>
		</Tile>
		<Tile>
			<vTilePosition>
				<x>15</x>
				<y>18</y>
			</vTilePosition>
			<iTileType>1</iTileType>
		</Tile>
		<Tile>
			<vTilePosition>
				<x>15</x>
				<y>19</y>
			</vTilePosition>
			<iTileType>1</iTileType>
		</Tile>
		<Tile>
			<vTilePosition>
				<x>15</x>
				<y>20</y>
			</vTilePosition>
			<iTileType>2</iTileType>
		</Tile>
		<Tile>
			<vTilePosition>
				<x>16</x>
				<y>0</y>
			</vTilePosition>
			<iTileType>0</iTileType>
		</Tile>
		<Tile>
			<vTilePosition>
				<x>16</x>
				<y>1</y>
			</vTilePosition>
			<iTileType>0</iTileType>
		</Tile>
		<Tile>
			<vTilePosition>
				<x>16</x>
				<y>2</y>
			</vTilePosition>
			<iTileType>0</iTileType>
		</Tile>
		<Tile>
			<vTilePosition>
				<x>16</x>
				<y>3</y>
			</vTilePosition>
			<iTileType>0</iTileType>
		</Tile>
		<Tile>
			<vTilePosition>
				<x>16</x>
				<y>4</y>
			</vTilePosition>
			<iTileType>0</iTileType>
		</Tile>
		<Tile>
			<vTilePosition>
				<x>16</x>
				<y>5</y>
			</vTilePosition>
			<iTileType>0</iTileType>
		</Tile>
		<Tile>
			<vTilePosition>
				<x>16</x>
				<y>6</y>
			</vTilePosition>
			<iTileType>0</iTileType>
		</Tile>
		<Tile>
			<vTilePosition>
				<x>16</x>
				<y>7</y>
			</vTilePosition>
			<iTileType>0</iTileType>
		</Tile>
		<Tile>
			<vTilePosition>
				<x>16</x>
				<y>8</y>
			</vTilePosition>
			<iTileType>0</iTileType>
		</Tile>
		<Tile>
			<vTilePosition>
				<x>16</x>
				<y>9</y>
			</vTilePosition>
			<iTileType>0</iTileType>
		</Tile>
		<Tile>
			<vTilePosition>
				<x>16</x>
				<y>10</y>
			</vTilePosition>
			<iTileType>0</iTileType>
		</Tile>
		<Tile>
			<vTilePosition>
				<x>16</x>
				<y>11</y>
			</vTilePosition>
			<iTileType>0</iTileType>
		</Tile>
		<Tile>
			<vTilePosition>
				<x>16</x>
				<y>12</y>
			</vTilePosition>
			<iTileType>0</iTileType>
		</Tile>
		<Tile>
			<vTilePosition>
				<x>16</x>
				<y>13</y>
			</vTilePosition>
			<iTileType>0</iTileType>
		</Tile>
		<Tile>
			<vTilePosition>
				<x>16</x>
				<y>14</y>
			</vTilePosition>
			<iTileType>0</iTileType>
		</Tile>
		<Tile>
			<vTilePosition>
				<x>16</x>
				<y>15</y>
			</vTilePosition>
			<iTileType>0</iTileType>
		</Tile>
		<Tile>
			<vTilePosition>
				<x>16</x>
				<y>16</y>
			</vTilePosition>
			<iTileType>2</iTileType>
		</Tile>
		<Tile>
			<vTilePosition>
				<x>16</x>
				<y>17</y>
			</vTilePosition>
			<iTileType>1</iTileType>
		</Tile>
		<Tile>
			<vTilePosition>
				<x>16</x>
				<y>18</y>
			</vTilePosition>
			<iTileType>2</iTileType>
		</Tile>
		<Tile>
			<vTilePosition>
				<x>16</x>
				<y>19</y>
			</vTilePosition>
			<iTileType>2</iTileType>
		</Tile>
		<Tile>
			<vTilePosition>
				<x>16</x>
				<y>20</y>
			</vTilePosition>
			<iTileType>2</iTileType>
		</Tile>
		<Tile>
			<vTilePosition>
				<x>17</x>
				<y>0</y>
			</vTilePosition>
			<iTileType>0</iTileType>
		</Tile>
		<Tile>
			<vTilePosition>
				<x>17</x>
				<y>1</y>
			</vTilePosition>
			<iTileType>0</iTileType>
		</Tile>
		<Tile>
			<vTilePosition>
				<x>17</x>
				<y>2</y>
			</vTilePosition>
			<iTileType>0</iTileType>
		</Tile>
		<Tile>
			<vTilePosition>
				<x>17</x>
				<y>3</y>
			</vTilePosition>
			<iTileType>0</iTileType>
		</Tile>
		<Tile>
			<vTilePosition>
				<x>17</x>
				<y>4</y>
			</vTilePosition>
			<iTileType>0</iTileType>
		</Tile>
		<Tile>
			<vTilePosition>
				<x>17</x>
				<y>5</y>
			</vTilePosition>
			<iTileType>0</iTileType>
		</Tile>
		<Tile>
			<vTilePosition>
				<x>17</x>
				<y>6</y>
			</vTilePosition>
			<iTileType>0</iTileType>
		</Tile>
		<Tile>
			<vTilePosition>
				<x>17</x>
				<y>7</y>
			</vTilePosition>
			<iTileType>0</iTileType>
		</Tile>
		<Tile>
			<vTilePosition>
				<x>17</x>
				<y>8</y>
			</vTilePosition>
			<iTileType>0</iTileType>
		</Tile>
		<Tile>
			<vTilePosition>
				<x>17</x>
				<y>9</y>
			</vTilePosition>
			<iTileType>0</iTileType>
		</Tile>
		<Tile>
			<vTilePosition>
				<x>17</x>
				<y>10</y>
			</vTilePosition>
			<iTileType>0</iTileType>
		</Tile>
		<Tile>
			<vTilePosition>
				<x>17</x>
				<y>11</y>
			</vTilePosition>
			<iTileType>0</iTileType>
		</Tile>
		<Tile>
			<vTilePosition>
				<x>17</x>
				<y>12</y>
			</vTilePosition>
			<iTileType>0</iTileType>
		</Tile>
		<Tile>
			<vTilePosition>
				<x>17</x>
				<y>13</y>
			</vTilePosition>
			<iTileType>0</iTileType>
		</Tile>
		<Tile>
			<vTilePosition>
				<x>17</x>
				<y>14</y>
			</vTilePosition>
			<iTileType>2</iTileType>
		</Tile>
		<Tile>
			<vTilePosition>
				<x>17</x>
				<y>15</y>
			</vTilePosition>
			<iTileType>2</iTileType>
		</Tile>
		<Tile>
			<vTilePosition>
				<x>17</x>
				<y>16</y>
			</vTilePosition>
			<iTileType>2</iTileType>
		</Tile>
		<Tile>
			<vTilePosition>
				<x>17</x>
				<y>17</y>
			</vTilePosition>
			<iTileType>1</iTileType>
		</Tile>
		<Tile>
			<vTilePosition>
				<x>17</x>
				<y>18</y>
			</vTilePosition>
			<iTileType>2</iTileType>
		</Tile>
		<Tile>
			<vTilePosition>
				<x>17</x>
				<y>19</y>
			</vTilePosition>
			<iTileType>2</iTileType>
		</Tile>
		<Tile>
			<vTilePosition>
				<x>17</x>
				<y>20</y>
			</vTilePosition>
			<iTileType>0</iTileType>
		</Tile>
		<Tile>
			<vTilePosition>
				<x>18</x>
				<y>0</y>
			</vTilePosition>
			<iTileType>0</iTileType>
		</Tile>
		<Tile>
			<vTilePosition>
				<x>18</x>
				<y>1</y>
			</vTilePosition>
			<iTileType>0</iTileType>
		</Tile>
		<Tile>
			<vTilePosition>
				<x>18</x>
				<y>2</y>
			</vTilePosition>
			<iTileType>0</iTileType>
		</Tile>
		<Tile>
			<vTilePosition>
				<x>18</x>
				<y>3</y>
			</vTilePosition>
			<iTileType>0</iTileType>
		</Tile>
		<Tile>
			<vTilePosition>
				<x>18</x>
				<y>4</y>
			</vTilePosition>
			<iTileType>0</iTileType>
		</Tile>
		<Tile>
			<vTilePosition>
				<x>18</x>
				<y>5</y>
			</vTilePosition>
			<iTileType>0</iTileType>
		</Tile>
		<Tile>
			<vTilePosition>
				<x>18</x>
				<y>6</y>
			</vTilePosition>
			<iTileType>0</iTileType>
		</Tile>
		<Tile>
			<vTilePosition>
				<x>18</x>
				<y>7</y>
			</vTilePosition>
			<iTileType>0</iTileType>
		</Tile>
		<Tile>
			<vTilePosition>
				<x>18</x>
				<y>8</y>
			</vTilePosition>
			<iTileType>0</iTileType>
		</Tile>
		<Tile>
			<vTilePosition>
				<x>18</x>
				<y>9</y>
			</vTilePosition>
			<iTileType>0</iTileType>
		</Tile>
		<Tile>
			<vTilePosition>
				<x>18</x>
				<y>10</y>
			</vTilePosition>
			<iTileType>0</iTileType>
		</Tile>
		<Tile>
			<vTilePosition>
				<x>18</x>
				<y>11</y>
			</vTilePosition>
			<iTileType>0</iTileType>
		</Tile>
		<Tile>
			<vTilePosition>
				<x>18</x>
				<y>12</y>
			</vTilePosition>
			<iTileType>0</iTileType>
		</Tile>
		<Tile>
			<vTilePosition>
				<x>18</x>
				<y>13</y>
			</vTilePosition>
			<iTileType>0</iTileType>
		</Tile>
		<Tile>
			<vTilePosition>
				<x>18</x>
				<y>14</y>
			</vTilePosition>
			<iTileType>2</iTileType>
		</Tile>
		<Tile>
			<vTilePosition>
				<x>18</x>
				<y>15</y>
			</vTilePosition>
			<iTileType>1</iTileType>
		</Tile>
		<Tile>
			<vTilePosition>
				<x>18</x>
				<y>16</y>
			</vTilePosition>
			<iTileType>1</iTileType>
		</Tile>
		<Tile>
			<vTilePosition>
				<x>18</x>
				<y>17</y>
			</vTilePosition>
			<iTileType>1</iTileType>
		</Tile>
		<Tile>
			<vTilePosition>
				<x>18</x>
				<y>18</y>
			</vTilePosition>
			<iTileType>1</iTileType>
		</Tile>
		<Tile>
			<vTilePosition>
				<x>18</x>
				<y>19</y>
			</vTilePosition>
			<iTileType>2</iTileType>
		</Tile>
		<Tile>
			<vTilePosition>
				<x>18</x>
				<y>20</y>
			</vTilePosition>
			<iTileType>0</iTileType>
		</Tile>
		<Tile>
			<vTilePosition>
				<x>19</x>
				<y>0</y>
			</vTilePosition>
			<iTileType>0</iTileType>
		</Tile>
		<Tile>
			<vTilePosition>
				<x>19</x>
				<y>1</y>
			</vTilePosition>
			<iTileType>0</iTileType>
		</Tile>
		<Tile>
			<vTilePosition>
				<x>19</x>
				<y>2</y>
			</vTilePosition>
			<iTileType>0</iTileType>
		</Tile>
		<Tile>
			<vTilePosition>
				<x>19</x>
				<y>3</y>
			</vTilePosition>
			<iTileType>0</iTileType>
		</Tile>
		<Tile>
			<vTilePosition>
				<x>19</x>
				<y>4</y>
			</vTilePosition>
			<iTileType>0</iTileType>
		</Tile>
		<Tile>
			<vTilePosition>
				<x>19</x>
				<y>5</y>
			</vTilePosition>
			<iTileType>0</iTileType>
		</Tile>
		<Tile>
			<vTilePosition>
				<x>19</x>
				<y>6</y>
			</vTilePosition>
			<iTileType>0</iTileType>
		</Tile>
		<Tile>
			<vTilePosition>
				<x>19</x>
				<y>7</y>
			</vTilePosition>
			<iTileType>0</iTileType>
		</Tile>
		<Tile>
			<vTilePosition>
				<x>19</x>
				<y>8</y>
			</vTilePosition>
			<iTileType>0</iTileType>
		</Tile>
		<Tile>
			<vTilePosition>
				<x>19</x>
				<y>9</y>
			</vTilePosition>
			<iTileType>0</iTileType>
		</Tile>
		<Tile>
			<vTilePosition>
				<x>19</x>
				<y>10</y>
			</vTilePosition>
			<iTileType>0</iTileType>
		</Tile>
		<Tile>
			<vTilePosition>
				<x>19</x>
				<y>11</y>
			</vTilePosition>
			<iTileType>0</iTileType>
		</Tile>
		<Tile>
			<vTilePosition>
				<x>19</x>
				<y>12</y>
			</vTilePosition>
			<iTileType>0</iTileType>
		</Tile>
		<Tile>
			<vTilePosition>
				<x>19</x>
				<y>13</y>
			</vTilePosition>
			<iTileType>0</iTileType>
		</Tile>
		<Tile>
			<vTilePosition>
				<x>19</x>
				<y>14</y>
			</vTilePosition>
			<iTileType>2</iTileType>
		</Tile>
		<Tile>
			<vTilePosition>
				<x>19</x>
				<y>15</y>
			</vTilePosition>
			<iTileType>2</iTileType>
		</Tile>
		<Tile>
			<vTilePosition>
				<x>19</x>
				<y>16</y>
			</vTilePosition>
			<iTileType>2</iTileType>
		</Tile>
		<Tile>
			<vTilePosition>
				<x>19</x>
				<y>17</y>
			</vTilePosition>
			<iTileType>2</iTileType>
		</Tile>
		<Tile>
			<vTilePosition>
				<x>19</x>
				<y>18</y>
			</vTilePosition>
			<iTileType>2</iTileType>
		</Tile>
		<Tile>
			<vTilePosition>
				<x>19</x>
				<y>19</y>
			</vTilePosition>
			<iTileType>2</iTileType>
		</Tile>
		<Tile>
			<vTilePosition>
				<x>19</x>
				<y>20</y>
			</vTilePosition>
			<iTileType>0</iTileType>
		</Tile>
		<Tile>
			<vTilePosition>
				<x>20</x>
				<y>0</y>
			</vTilePosition>
			<iTileType>0</iTileType>
		</Tile>
		<Tile>
			<vTilePosition>
				<x>20</x>
				<y>1</y>
			</vTilePosition>
			<iTileType>0</iTileType>
		</Tile>
		<Tile>
			<vTilePosition>
				<x>20</x>
				<y>2</y>
			</vTilePosition>
			<iTileType>0</iTileType>
		</Tile>
		<Tile>
			<vTilePosition>
				<x>20</x>
				<y>3</y>
			</vTilePosition>
			<iTileType>0</iTileType>
		</Tile>
		<Tile>
			<vTilePosition>
				<x>20</x>
				<y>4</y>
			</vTilePosition>
			<iTileType>0</iTileType>
		</Tile>
		<Tile>
			<vTilePosition>
				<x>20</x>
				<y>5</y>
			</vTilePosition>
			<iTileType>0</iTileType>
		</Tile>
		<Tile>
			<vTilePosition>
				<x>20</x>
				<y>6</y>
			</vTilePosition>
			<iTileType>0</iTileType>
		</Tile>
		<Tile>
			<vTilePosition>
				<x>20</x>
				<y>7</y>
			</vTilePosition>
			<iTileType>0</iTileType>
		</Tile>
		<Tile>
			<vTilePosition>
				<x>20</x>
				<y>8</y>
			</vTilePosition>
			<iTileType>0</iTileType>
		</Tile>
		<Tile>
			<vTilePosition>
				<x>20</x>
				<y>9</y>
			</vTilePosition>
			<iTileType>0</iTileType>
		</Tile>
		<Tile>
			<vTilePosition>
				<x>20</x>
				<y>10</y>
			</vTilePosition>
			<iTileType>0</iTileType>
		</Tile>
		<Tile>
			<vTilePosition>
				<x>20</x>
				<y>11</y>
			</vTilePosition>
			<iTileType>0</iTileType>
		</Tile>
		<Tile>
			<vTilePosition>
				<x>20</x>
				<y>12</y>
			</vTilePosition>
			<iTileType>0</iTileType>
		</Tile>
		<Tile>
			<vTilePosition>
				<x>20</x>
				<y>13</y>
			</vTilePosition>
			<iTileType>0</iTileType>
		</Tile>
		<Tile>
			<vTilePosition>
				<x>20</x>
				<y>14</y>
			</vTilePosition>
			<iTileType>0</iTileType>
		</Tile>
		<Tile>
			<vTilePosition>
				<x>20</x>
				<y>15</y>
			</vTilePosition>
			<iTileType>0</iTileType>
		</Tile>
		<Tile>
			<vTilePosition>
				<x>20</x>
				<y>16</y>
			</vTilePosition>
			<iTileType>0</iTileType>
		</Tile>
		<Tile>
			<vTilePosition>
				<x>20</x>
				<y>17</y>
			</vTilePosition>
			<iTileType>0</iTileType>
		</Tile>
		<Tile>
			<vTilePosition>
				<x>20</x>
				<y>18</y>
			</vTilePosition>
			<iTileType>0</iTileType>
		</Tile>
		<Tile>
			<vTilePosition>
				<x>20</x>
				<y>19</y>
			</vTilePosition>
			<iTileType>0</iTileType>
		</Tile>
		<Tile>
			<vTilePosition>
				<x>20</x>
				<y>20</y>
			</vTilePosition>
			<iTileType>0</iTileType>
		</Tile>
		<Tile>
			<vTilePosition>
				<x>21</x>
				<y>0</y>
			</vTilePosition>
			<iTileType>0</iTileType>
		</Tile>
		<Tile>
			<vTilePosition>
				<x>21</x>
				<y>1</y>
			</vTilePosition>
			<iTileType>0</iTileType>
		</Tile>
		<Tile>
			<vTilePosition>
				<x>21</x>
				<y>2</y>
			</vTilePosition>
			<iTileType>0</iTileType>
		</Tile>
		<Tile>
			<vTilePosition>
				<x>21</x>
				<y>3</y>
			</vTilePosition>
			<iTileType>0</iTileType>
		</Tile>
		<Tile>
			<vTilePosition>
				<x>21</x>
				<y>4</y>
			</vTilePosition>
			<iTileType>0</iTileType>
		</Tile>
		<Tile>
			<vTilePosition>
				<x>21</x>
				<y>5</y>
			</vTilePosition>
			<iTileType>0</iTileType>
		</Tile>
		<Tile>
			<vTilePosition>
				<x>21</x>
				<y>6</y>
			</vTilePosition>
			<iTileType>0</iTileType>
		</Tile>
		<Tile>
			<vTilePosition>
				<x>21</x>
				<y>7</y>
			</vTilePosition>
			<iTileType>0</iTileType>
		</Tile>
		<Tile>
			<vTilePosition>
				<x>21</x>
				<y>8</y>
			</vTilePosition>
			<iTileType>0</iTileType>
		</Tile>
		<Tile>
			<vTilePosition>
				<x>21</x>
				<y>9</y>
			</vTilePosition>
			<iTileType>0</iTileType>
		</Tile>
		<Tile>
			<vTilePosition>
				<x>21</x>
				<y>10</y>
			</vTilePosition>
			<iTileType>0</iTileType>
		</Tile>
		<Tile>
			<vTilePosition>
				<x>21</x>
				<y>11</y>
			</vTilePosition>
			<iTileType>0</iTileType>
		</Tile>
		<Tile>
			<vTilePosition>
				<x>21</x>
				<y>12</y>
			</vTilePosition>
			<iTileType>0</iTileType>
		</Tile>
		<Tile>
			<vTilePosition>
				<x>21</x>
				<y>13</y>
			</vTilePosition>
			<iTileType>0</iTileType>
		</Tile>
		<Tile>
			<vTilePosition>
				<x>21</x>
				<y>14</y>
			</vTilePosition>
			<iTileType>0</iTileType>
		</Tile>
		<Tile>
			<vTilePosition>
				<x>21</x>
				<y>15</y>
			</vTilePosition>
			<iTileType>0</iTileType>
		</Tile>
		<Tile>
			<vTilePosition>
				<x>21</x>
				<y>16</y>
			</vTilePosition>
			<iTileType>0</iTileType>
		</Tile>
		<Tile>
			<vTilePosition>
				<x>21</x>
				<y>17</y>
			</vTilePosition>
			<iTileType>0</iTileType>
		</Tile>
		<Tile>
			<vTilePosition>
				<x>21</x>
				<y>18</y>
			</vTilePosition>
			<iTileType>0</iTileType>
		</Tile>
		<Tile>
			<vTilePosition>
				<x>21</x>
				<y>19</y>
			</vTilePosition>
			<iTileType>0</iTileType>
		</Tile>
		<Tile>
			<vTilePosition>
				<x>21</x>
				<y>20</y>
			</vTilePosition>
			<iTileType>0</iTileType>
		</Tile>
	</tMap>
</SavableLevel>